Title,IMDB id,Year,Rating,Genre,Top_cast
3 Idiots,,,,,
Like Stars on Earth,,,,,
PK,,,,,
Dangal,,,,,
Rang De Basanti,,,,,
Lagaan: Once Upon a Time in India,,,,,
My Name Is Khan,,,,,
Swades,,,,,
Gangs of Wasseypur,,,,,
Gangs of Wasseypur,,,,,
Barfi!,,,,,
Chak De! India,,,,,
Munna Bhai M.B.B.S.,,,,,
Bajrangi Bhaijaan,,,,,
Dil Chahta Hai,,,,,
Zindagi Na Milegi Dobara,,,,,
Dilwale Dulhania Le Jayenge,,,,,
Kal Ho Naa Ho,,,,,
Drishyam,,,,,
Gunday,,,,,
Queen & Country,,,,,
Children of Heaven,,,,,
Bhaag Milkha Bhaag,,,,,
Rocky Aur Rani Kii Prem Kahaani,,,,,
Ghajini,,,,,
Andhadhun,,,,,
Hera Pheri,,,,,
Airlift,,,,,
Baby,,,,,
Jab Tak Hai Jaan,,,,,
Sholay,,,,,
Don 2,,,,,
Haider,,,,,
Special 26,,,,,
Andaz Apna Apna,,,,,
OMG: Oh My God!,,,,,
Veer-Zaara,,,,,
Chennai Express,,,,,
Kuch Kuch Hota Hai,,,,,
The Lunchbox,,,,,
Jab We Met,,,,,
Sanju,,,,,
Kabhi Khushi Kabhie Gham...,,,,,
Dhoom 3,,,,,
Rab Ne Bana Di Jodi,,,,,
Fan,,,,,
Udaan,,,,,
"Carry On, Munna Bhai",,,,,
Vishwaroopam,,,,,
Raees,,,,,
Talaash: The Answer Lies Within,,,,,
Vicky Donor,,,,,
Ra.One,,,,,
Om Shanti Om,,,,,
Rockstar,,,,,
Devdas,,,,,
Uri: The Surgical Strike,,,,,
Yeh Jawaani Hai Deewani,,,,,
Sultan,,,,,
Pink,,,,,
Dear Zindagi,,,,,
Don,,,,,
Happy New Year,,,,,
Black,,,,,
English Vinglish,,,,,
Race 3,,,,,
Paan Singh Tomar,,,,,
Main Hoon Na,,,,,
Dilwale,,,,,
M.S. Dhoni: The Untold Story,,,,,
Fanaa,,,,,
Bajirao Mastani,,,,,
Jodhaa Akbar,,,,,
Raanjhanaa,,,,,
Ek Tha Tiger,,,,,
Talvar,,,,,
Dabangg,,,,,
Piku,,,,,
Wake Up Sid,,,,,
Mohabbatein,,,,,
Delhi Belly,,,,,
Dil Se..,,,,,
Kai Po Che,,,,,
Aashiqui 2,,,,,
Padmaavat,,,,,
Tanu Weds Manu Returns,,,,,
Baazigar,,,,,
Highway,,,,,
Udta Punjab,,,,,
Anand,,,,,
Holiday,,,,,
Sarfarosh,,,,,
Kaabil,,,,,
Stree,,,,,
Gully Boy,,,,,
Kick,,,,,
2 States,,,,,
Dhoom 2,,,,,
Badhaai Ho,,,,,
Zero,,,,,
Gabbar Is Back,,,,,
Madras Cafe,,,,,
Darr,,,,,
Agneepath,,,,,
Rustom,,,,,
Bodyguard,,,,,
Kapoor & Sons,,,,,
Khosla Ka Ghosla!,,,,,
Kabir Singh,,,,,
Chitty Chitty Bang Bang,,,,,
Guru,,,,,
Raazi,,,,,
Jo Jeeta Wohi Sikandar,,,,,
Badlapur,,,,,
Masaan,,,,,
Namastey London,,,,,
Tiger Zinda Hai,,,,,
Rock On!!,,,,,
Bhool Bhulaiyaa,,,,,
Koi... Mil Gaya,,,,,
Dil To Pagal Hai,,,,,
Neerja,,,,,
Ae Dil Hai Mushkil,,,,,
Lakshya,,,,,
Pyaar Ka Punchnama,,,,,
Hindi Medium,,,,,
Parmanu: The Story of Pokhran,,,,,
The Namesake,,,,,
Secret Superstar,,,,,
Omkara,,,,,
"The Good, the Bad and the Ugly",,,,,
Hum Aapke Hain Koun..!,,,,,
Sonu Ke Titu Ki Sweety,,,,,
Wanted,,,,,
Jab Harry Met Sejal,,,,,
RamLeela,,,,,
Kabhi Alvida Naa Kehna,,,,,
Rocket Singh: Salesman of the Year,,,,,
Black Friday,,,,,
Dhoom,,,,,
Manjhi: The Mountain Man,,,,,
Krrish,,,,,
Tumbbad,,,,,
Kabhi Haan Kabhi Naa,,,,,
Prem Ratan Dhan Payo,,,,,
Gol Maal,,,,,
Welcome,,,,,
Thugs of Hindostan,,,,,
Guzaarish,,,,,
Hum Dil De Chuke Sanam,,,,,
Jai Ho,,,,,
Simmba,,,,,
Toilet: A Love Story,,,,,
Dum Laga Ke Haisha,,,,,
Kaminey,,,,,
Baadshah,,,,,
Badla,,,,,
In Your Name,,,,,
Once Upon a Time in Mumbaai,,,,,
Jolly LLB,,,,,
Oye Lucky! Lucky Oye!,,,,,
The Villain,,,,,
Seeking True Love,,,,,
Iqbal,,,,,
Sarkar,,,,,
Detective Byomkesh Bakshy!,,,,,
Death Race 2000,,,,,
Gangaajal,,,,,
Baghban,,,,,
Khakee,,,,,
Band Baaja Baaraat,,,,,
Dabangg 2,,,,,
Super 30,,,,,
Phir Hera Pheri,,,,,
Robber,,,,,
Newton,,,,,
Love Aaj Kal,,,,,
Chalte Chalte,,,,,
Golmaal: Fun Unlimited,,,,,
Shahid,,,,,
Company,,,,,
The Legend of Bhagat Singh,,,,,
Article 15,,,,,
Student of the Year 2,,,,,
Singh Is King,,,,,
Singham,,,,,
Raid,,,,,
Dil Dhadakne Do,,,,,
Pyaar Ka Punchnama 2,,,,,
Tubelight,,,,,
Dostana,,,,,
Pardes,,,,,
Gulaal,,,,,
Mr. India,,,,,
Student of the Year 2,,,,,
Hasee Toh Phasee,,,,,
Kaho Naa... Pyaar Hai,,,,,
Nayak: The Real Hero,,,,,
Cocktail,,,,,
Garam Masala,,,,,
Mujhse Shaadi Karogi,,,,,
Hum Tum,,,,,
Housefull 2,,,,,
Mulk,,,,,
Tanu Weds Manu,,,,,
Desi Boyz,,,,,
Satya,,,,,
Saaho,,,,,
Heyy Babyy,,,,,
Jaane Bhi Do Yaaro,,,,,
Karan Arjun,,,,,
Death Race,,,,,
Paheli,,,,,
Yes Boss,,,,,
Mumbai Diaries,,,,,
Chachi 420,,,,,
Kites,,,,,
Housefull,,,,,
Dhamaal,,,,,
Vaastav: The Reality,,,,,
Aankhen,,,,,
Madaari,,,,,
Hungama,,,,,
NH 10,,,,,
Psycho Raman,,,,,
Ajab Prem Ki Ghazab Kahani,,,,,
Peepli [Live],,,,,
October,,,,,
MSG: The Messenger of God,,,,,
Fashion,,,,,
Brothers,,,,,
Paa,,,,,
Kesari,,,,,
Roja,,,,,
Johnny Gaddaar,,,,,
Go Goa Gone,,,,,
Irudhi Suttru,,,,,
Hey Ram,,,,,
Bheja Fry,,,,,
Te3n,,,,,
Tees Maar Khan,,,,,
Chupke Chupke,,,,,
Table No. 21,,,,,
Ghulam,,,,,
Shaadi Mein Zaroor Aana,,,,,
The Ghazi Attack,,,,,
Partner,,,,,
Don,,,,,
No One Killed Jessica,,,,,
Maine Pyar Kiya,,,,,
Gold,,,,,
Humpty Sharma Ki Dulhania,,,,,
Life in a Metro,,,,,
Tere Bin Laden,,,,,
No Entry,,,,,
Mohenjo Daro,,,,,
Qayamat Se Qayamat Tak,,,,,
Boss,,,,,
Fukrey,,,,,
New York,,,,,
Mardaani,,,,,
Billu,,,,,
Karthik Calling Karthik,,,,,
Bachna Ae Haseeno,,,,,
Karwaan,,,,,
Gunda,,,,,
Ishqiya,,,,,
Gadar: Ek Prem Katha,,,,,
Bhagam Bhag,,,,,
Mary Kom,,,,,
Deewaar,,,,,
Ishq,,,,,
Shivaay,,,,,
Shanghai,,,,,
Kalank,,,,,
Waqt: The Race Against Time,,,,,
Aitraaz,,,,,
Luck by Chance,,,,,
Mangal Pandey,,,,,
The Bride of Badrinath,,,,,
Josh,,,,,
Shootout at Lokhandwala,,,,,
Taxi No. 9 2 11: Nau Do Gyarah,,,,,
Khatta Meetha,,,,,
Ankhon Dekhi,,,,,
Parineeta,,,,,
Rangeela,,,,,
D-Day,,,,,
Mere Brother Ki Dulhan,,,,,
MSG 2 the Messenger,,,,,
Dhadak,,,,,
Patiala House,,,,,
Trapped,,,,,
Vivah,,,,,
Son of Sardaar,,,,,
Jagga Jasoos,,,,,
Hichki,,,,,
Ladies vs. Ricky Bahl,,,,,
The Dirty Picture,,,,,
Yuva,,,,,
Maqbool,,,,,
Phantom,,,,,
Salaam Bombay!,,,,,
Mother India,,,,,
Agneepath,,,,,
Koyla,,,,,
Baaghi 2,,,,,
Shaitan,,,,,
Jaan-E-Mann: Let's Fall in Love... Again,,,,,
Bol Bachchan,,,,,
Ajnabee,,,,,
Himmatwala,,,,,
Heropanti 2,,,,,
Judwaa 2,,,,,
Manikarnika: The Queen of Jhansi,,,,,
Mom,,,,,
Golmaal Again,,,,,
MSG the Warrior: Lion Heart,,,,,
CC2C,,,,,
Sachin - A Billion Dreams,,,,,
Humshakals,,,,,
Mission Mangal,,,,,
Mohra,,,,,
Awara Paagal Deewana,,,,,
I Hate Luv Storys,,,,,
Bhoothnath,,,,,
Chup Chup Ke,,,,,
Khoobsurat,,,,,
Singh Is Bliing,,,,,
Saawariya,,,,,
Main Tera Hero,,,,,
It's Entertainment,,,,,
Socha Na Tha,,,,,
Raju Ban Gaya Gentleman,,,,,
Shubh Mangal Savdhan,,,,,
Veer,,,,,
Sarkar Raj,,,,,
Rob Roy,,,,,
Singham Returns,,,,,
Agent Vinod,,,,,
The Hitchhiker's Guide to the Galaxy,,,,,
Dedh Ishqiya,,,,,
Rocky Handsome,,,,,
Shamitabh,,,,,
Force,,,,,
Duplicate,,,,,
Befikre,,,,,
Mughal-E-Azam,,,,,
Page 3,,,,,
Delhi-6,,,,,
Raja Hindustani,,,,,
Golmaal Returns,,,,,
Ram Gopal Varma Ki Aag,,,,,
De Dana Dan,,,,,
Dhadkan,,,,,
O Saathiya,,,,,
Phir Bhi Dil Hai Hindustani,,,,,
Amar Akbar Anthony,,,,,
Children's Party,,,,,
Love Per Square Foot,,,,,
Rehnaa Hai Terre Dil Mein,,,,,
Salaam Namaste,,,,,
Ishaqzaade,,,,,
Once Upon a Time in Mumbaai,,,,,
Baaghi,,,,,
Ek Main Aur Ekk Tu,,,,,
Hum Tumhare Hain Sanam,,,,,
Manorama: Six Feet Under,,,,,
Ek Hasina Thi,,,,,
Hum Saath-Saath Hain,,,,,
Viceroy's House,,,,,
Mission Kashmir,,,,,
Dishoom,,,,,
Murder Mystery 2,,,,,
Finding Fanny,,,,,
Awarapan,,,,,
Sui Dhaaga: Made in India,,,,,
Ship of Theseus,,,,,
No Smoking,,,,,
Matru Ki Bijlee Ka Mandola,,,,,
Hulchul,,,,,
Bunty Aur Babli,,,,,
Husband Material,,,,,
Shuddh Desi Romance,,,,,
Anjaana Anjaani,,,,,
Deewana,,,,,
Saajan,,,,,
Dasvidaniya,,,,,
Baar Baar Dekho,,,,,
Lipstick Under My Burkha,,,,,
Half Girlfriend,,,,,
Batla House,,,,,
Mr. & Mrs. Khiladi,,,,,
The Accidental Prime Minister,,,,,
Anjaam,,,,,
The Tashkent Files,,,,,
Padosan,,,,,
Satyameva Jayate,,,,,
The Brawler,,,,,
Grand Masti,,,,,
Masti,,,,,
Stanley Ka Dabba,,,,,
Courage Under Fire,,,,,
De De Pyaar De,,,,,
Khiladiyon Ka Khiladi,,,,,
Bluffmaster,,,,,
Mumbai Meri Jaan,,,,,
Chamatkar,,,,,
Dor,,,,,
Kis Kisko Pyaar Karoon,,,,,
Main Khiladi Tu Anari,,,,,
Hunterrr,,,,,
Jannat: In Search of Heaven...,,,,,
Welcome Back,,,,,
Bombay Velvet,,,,,
Daawat-e-Ishq,,,,,
All the Best: Fun Begins,,,,,
Action Replayy,,,,,
7 Khoon Maaf,,,,,
Mausam,,,,,
Salaam-E-Ishq,,,,,
Hum Hain Rahi Pyar Ke,,,,,
Bhavesh Joshi Superhero,,,,,
Gangster,,,,,
"LSD: Love, Sex Aur Dhokha",,,,,
Kismat Konnection,,,,,
Malamaal Weekly,,,,,
Azhar,,,,,
Aligarh,,,,,
Sangharsh,,,,,
Total Dhamaal,,,,,
Naam Shabana,,,,,
Hamari Adhuri Kahani,,,,,
Thirst,,,,,
Any Body Can Dance 2,,,,,
Thank You,,,,,
Joker,,,,,
Qarib Qarib Single,,,,,
Ghayal Once Again,,,,,
Chashme Baddoor,,,,,
Ferrari Ki Sawaari,,,,,
Judwaa,,,,,
Phas Gaye Re Obama,,,,,
Taal,,,,,
Happy Bhaag Jayegi,,,,,
Aarakshan,,,,,
Satyagraha,,,,,
Mujhse Dosti Karoge!,,,,,
Cheeni Kum,,,,,
Tashan,,,,,
Bombay Talkies,,,,,
Housefull 4,,,,,
Do Dooni Chaar,,,,,
Dil,,,,,
Nil Battey Sannata,,,,,
One 2 Ka 4,,,,,
PM Narendra Modi,,,,,
Bhoothnath Returns,,,,,
The 12th Man,,,,,
Ghanchakkar,,,,,
Kaal,,,,,
Hazaaron Khwaishein Aisi,,,,,
An Officer and a Gentleman,,,,,
Shaandaar,,,,,
Kurbaan,,,,,
Angoor,,,,,
Ek Chalis Ki Last Local,,,,,
The Power of Shakti,,,,,
Biwi No. 1,,,,,
Parched,,,,,
Mera Naam Joker,,,,,
Akele Hum Akele Tum,,,,,
Kaante,,,,,
Mere Dad Ki Maruti,,,,,
Dhol,,,,,
Maine Pyaar Kyun Kiya,,,,,
Blue,,,,,
Gupt: The Hidden Truth,,,,,
Batti Gul Meter Chalu,,,,,
Yeh Dillagi,,,,,
CityLights,,,,,
Sabse Bada Khiladi,,,,,
Deewane Huye Paagal,,,,,
Fukrey Returns,,,,,
Dream Girl,,,,,
Bandit Queen,,,,,
Tumhari Sulu,,,,,
Fitoor,,,,,
Mard Ko Dard Nahin Hota,,,,,
Phata Poster Nikhla Hero,,,,,
Rahasya,,,,,
Commando,,,,,
Main Prem Ki Diwani Hoon,,,,,
Chori Chori Chupke Chupke,,,,,
London Dreams,,,,,
Kyaa Kool Hain Hum 3,,,,,
Raavan,,,,,
Nautanki Saala!,,,,,
36 China Town,,,,,
Baazaar,,,,,
Apaharan,,,,,
Ta Ra Rum Pum,,,,,
Tere Naal Love Ho Gaya,,,,,
Mela,,,,,
Sarbjit,,,,,
Har Dil Jo Pyar Karega...,,,,,
Heroine,,,,,
Pyaar Kiya To Darna Kya,,,,,
Laal Rang,,,,,
Yamla Pagla Deewana,,,,,
Break Ke Baad,,,,,
Saheb Biwi Aur Gangster 3,,,,,
Humko Deewana Kar Gaye,,,,,
Mujhse Fraaandship Karoge,,,,,
Yuvvraaj,,,,,
Titli,,,,,
Aurangzeb,,,,,
Teri Meri Kahaani,,,,,
Raja Natwarlal,,,,,
Dum Maaro Dum,,,,,
Ishq Vishk,,,,,
Kill Dil,,,,,
Raincoat,,,,,
Ek Thi Daayan,,,,,
Dil Hai Ki Manta Nahin,,,,,
Players,,,,,
Shaadi Ke Side Effects,,,,,
Ghayal,,,,,
Fiza,,,,,
Saheb Biwi Aur Gangster Returns,,,,,
Aiyaary,,,,,
Dil Bole Hadippa,,,,,
Bullett Raja,,,,,
Kyaa Super Kool Hain Hum,,,,,
Hello Brother,,,,,
Bewakoofiyaan,,,,,
Ram Jaane,,,,,
Murder,,,,,
Rangoon,,,,,
Dil Toh Baccha Hai Ji,,,,,
Zanjeer,,,,,
The Caine Mutiny Court-Martial,,,,,
OK Jaanu,,,,,
God Tussi Great Ho,,,,,
Kyon Ki...,,,,,
Jattu Engineer,,,,,
Judgementall Hai Kya,,,,,
Meri Pyaari Bindu,,,,,
Chhoti Si Baat,,,,,
Gori Tere Pyaar Mein!,,,,,
Hate Story,,,,,
Shor in the City,,,,,
Bawarchi,,,,,
B.A. Pass,,,,,
Ungli,,,,,
Masoom,,,,,
I Am Kalam,,,,,
Awaara,,,,,
Phillauri,,,,,
A Flying Jatt,,,,,
Filmistaan,,,,,
Haraamkhor,,,,,
Happy Ending,,,,,
Pride and Honour,,,,,
Ramaiya Vastavaiya,,,,,
Rainbow,,,,,
Mubarakan,,,,,
Double Dhamaal,,,,,
Kaun?,,,,,
Margarita with a Straw,,,,,
Yaadein...,,,,,
Jazbaa,,,,,
Bhoot,,,,,
Zinda,,,,,
Lucky: No Time for Love,,,,,
Aakrosh,,,,,
Eklavya: The Royal Guard,,,,,
1942: A Love Story,,,,,
Raaz: The Mystery Continues,,,,,
Pushpaka Vimana,,,,,
Humsafar,,,,,
Kyaa Kool Hai Hum,,,,,
Action Jackson,,,,,
Manto,,,,,
Pataakha,,,,,
Kabul Express,,,,,
Welcome to Sajjanpur,,,,,
Tum Bin II,,,,,
Chakravyuh,,,,,
Dus,,,,,
Jhoom Barabar Jhoom,,,,,
Pyaar Ke Side Effects,,,,,
Ghatak: Lethal,,,,,
Baabul,,,,,
Pyaar Impossible,,,,,
Chalo Dilli,,,,,
Shiva,,,,,
Parinda,,,,,
Satte Pe Satta,,,,,
The Chess Players,,,,,
F.A.L.T.U,,,,,
Tevar,,,,,
Jaani Dushman: Ek Anokhi Kahani,,,,,
Ekk Deewana Tha,,,,,
Darna Mana Hai,,,,,
Humraaz,,,,,
Total Chaos,,,,,
Dulhan Hum Le Jayenge,,,,,
Damini,,,,,
Aaja Nachle,,,,,
Sadma,,,,,
Khalnayak,,,,,
Simran,,,,,
Zakhm,,,,,
Raabta,,,,,
The Shaukeens,,,,,
Aan: Men at Work,,,,,
Chal Mere Bhai,,,,,
Dil Dosti Etc,,,,,
Sanam Re,,,,,
Pyaar To Hona Hi Tha,,,,,
Nandor Fodor and the Talking Mongoose,,,,,
Bbuddah... Hoga Terra Baap,,,,,
King Uncle,,,,,
Chance Pe Dance,,,,,
Na Tum Jaano Na Hum,,,,,
Haseena Maan Jaayegi,,,,,
Katti Batti,,,,,
Dolly Ki Doli,,,,,
Aladin,,,,,
Dilwale,,,,,
Long Live Brij Mohan,,,,,
99,,,,,
Ragini MMS 2,,,,,
Apne,,,,,
Being Cyrus,,,,,
Me and Mrs. Khanna,,,,,
Raaz,,,,,
Mickey Virus,,,,,
Chaahat,,,,,
Sulemani Keeda,,,,,
What's Your Raashee?,,,,,
Khamoshi the Musical,,,,,
Phobia,,,,,
Haasil,,,,,
Hum,,,,,
Munna Michael,,,,,
Sharaabi,,,,,
Photograph,,,,,
Tumko Na Bhool Paayenge,,,,,
Abhimaan,,,,,
Lamhe,,,,,
Rascals,,,,,
Pinjar,,,,,
Freaky Ali,,,,,
Sooryavansham,,,,,
Shool,,,,,
Lajja,,,,,
Inkaar,,,,,
Sunday,,,,,
Begum Jaan,,,,,
Mastizaade,,,,,
Silsila,,,,,
Jaanwar,,,,,
U Me Aur Hum,,,,,
Sonchiriya,,,,,
Muqaddar Ka Sikandar,,,,,
Traffic,,,,,
Dulha Mil Gaya,,,,,
Jai Gangaajal,,,,,
Trimurti,,,,,
Thackeray,,,,,
Virasat,,,,,
Ragini MMS 2,,,,,
Lucknow Central,,,,,
Shree 420,,,,,
Dosti: Friends Forever,,,,,
Chandni Bar,,,,,
LOC: Kargil,,,,,
Border,,,,,
Shaan,,,,,
Deewangee,,,,,
Soldier,,,,,
The Legend of Drona,,,,,
Running Shaadi,,,,,
Taarzan: The Wonder Car,,,,,
Namaste England,,,,,
"One, Two, Three",,,,,
Fida,,,,,
Raja Babu,,,,,
Rann,,,,,
The Stoneman Murders,,,,,
Luck,,,,,
Bewafaa,,,,,
Murder 3,,,,,
Kalyug,,,,,
Hero No. 1,,,,,
Bank Chor,,,,,
When One Falls in Love,,,,,
Laaga Chunari Mein Daag: Journey of a Woman,,,,,
Goal II: Living the Dream,,,,,
Love Story 2050,,,,,
Deewana Mastana,,,,,
Coolie No. 1,,,,,
Breakaway,,,,,
Kuch Naa Kaho,,,,,
Andaaz,,,,,
Aap Mujhe Achche Lagne Lage,,,,,
Thoda Pyaar Thoda Magic,,,,,
Guddu,,,,,
Honeymoon Travels Pvt. Ltd.,,,,,
Namak Halaal,,,,,
Dulhe Raja,,,,,
Pukar,,,,,
Chashme Buddoor,,,,,
Halla Bol,,,,,
Singh Saab the Great,,,,,
Hero,,,,,
Bumboo,,,,,
3 Deewarein,,,,,
MP3: Mera Pehla Pehla Pyaar,,,,,
English Babu Desi Mem,,,,,
Great Grand Masti,,,,,
Tezz,,,,,
Yeh Hai Jalwa,,,,,
Laawaris,,,,,
Baazi,,,,,
Ram Lakhan,,,,,
Indian,,,,,
Jodi No.1,,,,,
Kaalakaandi,,,,,
Qayamat: City Under Threat,,,,,
Gulaab Gang,,,,,
Judaai,,,,,
No Problem,,,,,
Mere Yaar Ki Shaadi Hai,,,,,
Maya,,,,,
The Japanese Wife,,,,,
Viruddh... Family Comes First,,,,,
Jism,,,,,
Bobby Jasoos,,,,,
Jeet,,,,,
Kaala Patthar,,,,,
Major Saab,,,,,
International Khiladi,,,,,
Hate Story 2,,,,,
Saand Ki Aankh,,,,,
The Hero: Love Story of a Spy,,,,,
Heroes,,,,,
Vaah! Life Ho Toh Aisi!,,,,,
Why Cheat India,,,,,
Haunted Mansion,,,,,
Karz,,,,,
Lafangey Parindey,,,,,
Buddha in a Traffic Jam,,,,,
Sehar,,,,,
Bhopal: A Prayer for Rain,,,,,
Knock Out,,,,,
Matrubhoomi: A Nation Without Women,,,,,
Section 375,,,,,
Jhankaar Beats,,,,,
Krazzy 4,,,,,
Corporate,,,,,
Rok Sako To Rok Lo,,,,,
Dharam Sankat Mein,,,,,
Mitron,,,,,
Chameli,,,,,
Paper Flowers,,,,,
Zamaana Deewana,,,,,
Firaaq,,,,,
Maachis,,,,,
"Main, Meri Patni... Aur Woh!",,,,,
Nandor Fodor and the Talking Mongoose,,,,,
Coolie,,,,,
Kya Kehna,,,,,
The Bunny Game,,,,,
Chef,,,,,
Charlie and the Chocolate Factory,,,,,
Khichdi: The Movie,,,,,
Hello,,,,,
Rock on 2,,,,,
Marigold,,,,,
Procession of Memories,,,,,
Kya Dilli Kya Lahore,,,,,
Umrao Jaan,,,,,
Prince of Persia: The Sands of Time,,,,,
Prahaar: The Final Attack,,,,,
Aalavandhan,,,,,
Shakti,,,,,
Youngistaan,,,,,
Madea's Family Reunion,,,,,
Kabhi Kabhie,,,,,
Refugee,,,,,
Jhootha Hi Sahi,,,,,
Bichhoo,,,,,
Kahin Pyaar Na Ho Jaaye,,,,,
Zeher,,,,,
Mere Baap Pehle Aap,,,,,
Om Jai Jagadish,,,,,
Nobody's Fool,,,,,
Tezaab,,,,,
Darna Zaroori Hai,,,,,
Rang Rasiya,,,,,
Cash,,,,,
Apna Sapna Money Money,,,,,
Kyo Kii... Main Jhuth Nahin Bolta,,,,,
Sarkar 3,,,,,
Crook: It's Good to Be Bad,,,,,
Raju Chacha,,,,,
Ek Aur Ek Gyarah: By Hook or by Crook,,,,,
Deshdrohi,,,,,
The Blue Umbrella,,,,,
Dil Maange More!!!,,,,,
Khuda Gawah,,,,,
The Sky Is Pink,,,,,
Krantiveer,,,,,
Aval,,,,,
Hamara Dil Aapke Paas Hai,,,,,
Shagird,,,,,
Karma,,,,,
Missing,,,,,
Shahenshah,,,,,
Laila Majnu,,,,,
Aankhen,,,,,
Dushman,,,,,
Beyond the Clouds,,,,,
Kyun! Ho Gaya Na...,,,,,
Style,,,,,
Milenge Milenge,,,,,
Well Done Abba!,,,,,
Tridev,,,,,
Musafir,,,,,
Jalebi,,,,,
Khiladi 420,,,,,
Soni,,,,,
Phir Milenge,,,,,
1920: Evil Returns,,,,,
Akaash Vani,,,,,
Pihu,,,,,
Sixteen,,,,,
Mirza's Lady,,,,,
Devdas,,,,,
Ek Paheli Leela,,,,,
Brahman Naman,,,,,
Suhaag,,,,,
Aiyyaa,,,,,
Saaransh,,,,,
Hawaa Hawaai,,,,,
Mr. X,,,,,
Do Ankhen Barah Haath,,,,,
Joy: The Real Love Story,,,,,
The Jewel Thief,,,,,
Raaz Reboot,,,,,
"Good Boy, Bad Boy",,,,,
Do Bigha Zamin,,,,,
Samay: When Time Strikes,,,,,
Seeta Aur Geeta,,,,,
Bhoomi,,,,,
Yeh Lamhe Judaai Ke,,,,,
Aks,,,,,
Makdee,,,,,
Behen Hogi Teri,,,,,
"Gandhi, My Father",,,,,
Babumoshai Bandookbaaz,,,,,
Union Leader,,,,,
Hawaizaada,,,,,
Dil Hai Tumhaara,,,,,
Bobby,,,,,
Bandhan,,,,,
Nishabd,,,,,
Waiting,,,,,
Tango Charlie,,,,,
Hadh Kar Di Aapne,,,,,
Hotel Salvation,,,,,
Ek Ajnabee,,,,,
Revolver Rani,,,,,
Delhi Safari,,,,,
Dil Ka Rishta,,,,,
Army,,,,,
Dum,,,,,
Jaanam Samjha Karo,,,,,
Alone,,,,,
Aa Ab Laut Chalen,,,,,
Hisss,,,,,
Aradhana,,,,,
Khushi,,,,,
Oh Darling Yeh Hai India,,,,,
India's Most Wanted,,,,,
Dus Kahaniyaan,,,,,
Ujda Chaman,,,,,
Yaarana,,,,,
Ardh Satya,,,,,
Chandni,,,,,
A Classic Horror Story,,,,,
Trauma,,,,,
Ek Rishtaa: The Bond of Love,,,,,
Paathshaala,,,,,
Love Ke Liye Kuch Bhi Karega,,,,,
Ankur Arora Murder Case,,,,,
Aashiqui 2,,,,,
All Is Well,,,,,
Hum Aapke Dil Mein Rehte Hain,,,,,
Aashiq Banaya Aapne: Love Takes Over,,,,,
Ziddi,,,,,
Diljale,,,,,
It's a Wonderful Afterlife,,,,,
Zubeidaa,,,,,
Sangam,,,,,
Namak Haraam,,,,,
Ghost,,,,,
1920 London,,,,,
Neal 'n' Nikki,,,,,
Sahib Bibi Aur Ghulam,,,,,
Miss Bala,,,,,
Mohalla Assi,,,,,
Daddy,,,,,
Rajma Chawal,,,,,
Mujhse Dosti Karoge!,,,,,
Khubsoorat,,,,,
Chameli Ki Shaadi,,,,,
Traffic Signal,,,,,
Dil Ne Jise Apna Kaha,,,,,
Mard,,,,,
Amar Prem,,,,,
Teen Patti,,,,,
Notebook,,,,,
Chittagong,,,,,
Naseeb,,,,,
Waqt Hamara Hai,,,,,
Zameen,,,,,
Koshish,,,,,
Aarzoo,,,,,
Pakeezah,,,,,
Ab Tumhare Hawale Watan Saathiyo,,,,,
Ramayana: The Legend of Prince Rama,,,,,
Chaalbaaz,,,,,
Tum Mile,,,,,
Talaash: The Hunt Begins...,,,,,
Ahista Ahista,,,,,
Indu Sarkar,,,,,
Promising Young Woman,,,,,
Arjun: The Warrior Prince,,,,,
Guest iin London,,,,,
"tick, tick... BOOM!",,,,,
Let's Bring Our Heroes Home,,,,,
Poster Boys,,,,,
Policegiri,,,,,
Bade Dilwala,,,,,
Shabd,,,,,
Fight Club: Members Only,,,,,
Aandhi,,,,,
Only You,,,,,
Sadda Adda,,,,,
Chalti Ka Naam Gaadi,,,,,
Kisna: The Warrior Poet,,,,,
Dev,,,,,
Naqaab,,,,,
Lakshmi,,,,,
Kachche Dhaage,,,,,
The Burning Train,,,,,
Always Kabhi Kabhi,,,,,
China Gate,,,,,
Karam,,,,,
Mr. Natwarlal,,,,,
Hum Kisi Se Kum Nahin,,,,,
Hate Story IV,,,,,
Do Lafzon Ki Kahani,,,,,
Ab Tak Chhappan 2,,,,,
Tu Chor Main Sipahi,,,,,
Zila Ghaziabad,,,,,
Roadside Romeo,,,,,
Dhaai Akshar Prem Ke,,,,,
Permission,,,,,
Three Daughters,,,,,
Bheja Fry 2,,,,,
Phool Aur Kaante,,,,,
Life Partner,,,,,
Insan,,,,,
Run,,,,,
Creature,,,,,
Sadak,,,,,
Aflatoon,,,,,
Haan Maine Bhi Pyaar Kiya,,,,,
Kaalia,,,,,
Jayantabhai Ki Luv Story,,,,,
Aashayein,,,,,
Anaarkali of Aarah,,,,,
Mili,,,,,
Dilwaala,,,,,
Dream Scenario,,,,,
Gumnaam,,,,,
1971,,,,,
Karzzzz,,,,,
Woh Lamhe ...,,,,,
Arth,,,,,
Badal,,,,,
Road House,,,,,
Nasha,,,,,
Madea Goes to Jail,,,,,
Aakhree Raasta,,,,,
Saudagar,,,,,
Nandor Fodor and the Talking Mongoose,,,,,
My Brother... Nikhil,,,,,
Saajan Chale Sasural,,,,,
Madhumati,,,,,
Different,,,,,
Disco Dancer,,,,,
Khamoshiyan,,,,,
Ajooba,,,,,
Maa Tujhhe Salaam,,,,,
Junglee,,,,,
3G: A Killer Connection,,,,,
Jodi Breakers,,,,,
I See You,,,,,
Baaghi: A Rebel for Love,,,,,
Ek Doctor Ki Maut,,,,,
Love Sonia,,,,,
First Rank,,,,,
"The French, They Are a Funny Race",,,,,
Jis Desh Mein Ganga Rehta Hain,,,,,
Umrika,,,,,
Tum Bin II,,,,,
Sainik,,,,,
Aamdani Atthanni Kharcha Rupaiya,,,,,
Armaan,,,,,
Irada,,,,,
Waqt,,,,,
Rudraksh,,,,,
Raakh,,,,,
Vishwatma,,,,,
Ghulam-E-Musthafa,,,,,
Samrat Prithviraj,,,,,
Mujhe Kucch Kehna Hai,,,,,
Welcome 2 Karachi,,,,,
Maine Dil Tujhko Diya,,,,,
Barsaat,,,,,
Woh 7 Din,,,,,
Silent Waters,,,,,
Chor Machaaye Shor,,,,,
Sorry Bhai!,,,,,
Laadla,,,,,
Aksar 2,,,,,
The Last Lear,,,,,
Wajah Tum Ho,,,,,
Haathi Mere Saathi,,,,,
Mirch Masala,,,,,
Jungle,,,,,
Yeshwant,,,,,
Bangistan,,,,,
Dil Kya Kare,,,,,
Kareeb,,,,,
Shikhar,,,,,
Where's the Party Yaar?,,,,,
Shirin Farhad Ki Toh Nikal Padi,,,,,
Mission Istaanbul: Darr Ke Aagey Jeet Hai!,,,,,
Haseena,,,,,
Happy Phirr Bhag Jayegi,,,,,
Bombay to Goa,,,,,
Bhaji on the Beach,,,,,
Naya Daur,,,,,
Bomb the System,,,,,
Striker,,,,,
Teesri Manzil,,,,,
Meri Jung,,,,,
Swarg,,,,,
Vodka Diaries,,,,,
Katha,,,,,
Train of the Dead,,,,,
Dillagi,,,,,
Shaadi Karke Phas Gaya Yaar,,,,,
Love,,,,,
Barah Aana,,,,,
Sapoot,,,,,
Fugly,,,,,
Love Breakups Zindagi,,,,,
The Killer,,,,,
Zid,,,,,
Banjo,,,,,
Main Aisa Hi Hoon,,,,,
Dishkiyaoon,,,,,
Naksha,,,,,
Netaji Subhas Chandra Bose: The Forgotten Hero,,,,,
Firangi,,,,,
Religion,,,,,
Aetbaar,,,,,
Sanam Bewafa,,,,,
Baton Baton Mein,,,,,
Khoon Bhari Maang,,,,,
Department Q: The Keeper of Lost Causes,,,,,
Umrao Jaan,,,,,
Family of Thakurganj,,,,,
Suhaag,,,,,
C Kkompany,,,,,
Blood Money,,,,,
Yamla Pagla Deewana Phir Se...,,,,,
Saare Jahaan Se Mehnga...,,,,,
Satya 2,,,,,
Deewana Mujh Sa Nahin,,,,,
The Gay Deceivers,,,,,
Daud: Fun on the Run,,,,,
Guddi,,,,,
"Satyam, Shivam, Sundaram",,,,,
Hyderabad Blues,,,,,
Ramji Londonwaley,,,,,
Darr @ the Mall,,,,,
Y.M.I. Yeh Mera India,,,,,
Do Aur Do Paanch,,,,,
Hera Pheri,,,,,
Pizza,,,,,
War Chod Na Yaar,,,,,
Kurukshetra,,,,,
Aloo Chaat,,,,,
Ek Ladka Ek Ladki,,,,,
The Exorcist,,,,,
Joru Ka Ghulam,,,,,
Nanu Ki Jaanu,,,,,
Bhaag Johnny,,,,,
Auzaar,,,,,
Children of War,,,,,
Khamosh,,,,,
Ram Teri Ganga Maili,,,,,
My Wife's Murder,,,,,
Naam,,,,,
Saugandh,,,,,
Friendship,,,,,
Mere Jeevan Saathi,,,,,
Saaya,,,,,
Insaaf: The Final Justice,,,,,
Lakeer: Forbidden Lines,,,,,
100 Days,,,,,
Krishna Cottage,,,,,
Naram Garam,,,,,
Parvarish,,,,,
Aa Dekhen Zara,,,,,
Ittefaq,,,,,
Bypass,,,,,
Shortkut - The Con Is On,,,,,
I Am,,,,,
Genius,,,,,
Mast,,,,,
Monsoon Shootout,,,,,
Kasoor,,,,,
Sonali Cable,,,,,
Guddu Rangeela,,,,,
Rishtey,,,,,
Right Yaaa Wrong,,,,,
Helicopter Eela,,,,,
Kati Patang,,,,,
Premium Rush,,,,,
Mirch,,,,,
Ankur: The Seedling,,,,,
Shaadi No. 1,,,,,
Anwar,,,,,
Elaan,,,,,
Dangerous Ishq,,,,,
The Season,,,,,
Chori Chori,,,,,
Aap Ki Khatir,,,,,
Saagar,,,,,
The Retirement Plan,,,,,
P Se Pyaar F Se Faraar,,,,,
Mercury Rising,,,,,
Mera Damad,,,,,
Stay Alert,,,,,
Tahaan,,,,,
Roop Ki Rani Choron Ka Raja,,,,,
Veergati,,,,,
Tere Bin Laden: Dead or Alive,,,,,
Ram Aur Shyam,,,,,
Patthar Ke Phool,,,,,
Jabariya Jodi,,,,,
Calendar Girls,,,,,
Kucch To Hai,,,,,
Mera Saaya,,,,,
Vaada,,,,,
Qurbani,,,,,
Quick Gun Murugun: Misadventures of an Indian Cowboy,,,,,
Prem Rog,,,,,
...Aur Pyaar Ho Gaya,,,,,
Loins of Punjab Presents,,,,,
Nawabzaade,,,,,
De Taali,,,,,
Kranti,,,,,
Woh Kaun Thi?,,,,,
Suryavanshi,,,,,
Pyare Mohan,,,,,
Parichay,,,,,
Cindy's Love Games,,,,,
Arjun,,,,,
Dudes in the 10th Century,,,,,
Qissa: The Tale of a Lonely Ghost,,,,,
John Day,,,,,
Gippi,,,,,
Paap,,,,,
Paltan,,,,,
Biwi Ho To Aisi,,,,,
Naina,,,,,
Gardish,,,,,
Khatta Meetha,,,,,
Afsana Pyar Ka,,,,,
Pyaar Tune Kya Kiya...,,,,,
Bioscopewala,,,,,
Gopi Kishan,,,,,
Gayab,,,,,
Aatank Hi Aatank,,,,,
Footpath,,,,,
Kunwara,,,,,
Saawan... The Love Season,,,,,
Big Brother,,,,,
Haré Rama Haré Krishna,,,,,
Courage,,,,,
Kuch Kuch Locha Hai,,,,,
Arjun Pandit,,,,,
Yeh Teraa Ghar Yeh Meraa Ghar,,,,,
Sandwich,,,,,
Local Hero,,,,,
Akhiyon Se Goli Maare,,,,,
Shaapit: The Cursed,,,,,
Police Force: An Inside Story,,,,,
Bandini,,,,,
Jhooth Bole Kauwa Kaate,,,,,
Bajatey Raho,,,,,
Ishkq in Paris,,,,,
Shaadi Se Pehle,,,,,
One by Two,,,,,
Purani Jeans,,,,,
The Zoya Factor,,,,,
Nagina,,,,,
Xcuse Me,,,,,
Gaja Gamini,,,,,
Aakrosh,,,,,
Arjun Patiala,,,,,
It Happens That Way Too: Part II,,,,,
Bol Radha Bol,,,,,
I Did Not Kill Gandhi,,,,,
Khoobsurat,,,,,
Teesri Kasam,,,,,
Thanks Maa,,,,,
Not a Love Story,,,,,
Silsiilay,,,,,
Omerta,,,,,
Nadiya Ke Paar,,,,,
Aatish: Feel the Fire,,,,,
FryDay,,,,,
Devi,,,,,
Raja,,,,,
Jackpot,,,,,
Jeena Sirf Merre Liye,,,,,
Albela,,,,,
Saudagar,,,,,
Lekar Hum Deewana Dil,,,,,
Boot Polish,,,,,
Yakeen,,,,,
Main Azaad Hoon,,,,,
Johny Mera Naam,,,,,
Pitaah,,,,,
Road to Sangam,,,,,
Roar: Tigers of the Sundarbans,,,,,
War Machine,,,,,
Elaan,,,,,
Saheb Biwi Aur Gangster 3,,,,,
Roti Kapada Aur Makaan,,,,,
Toonpur Ka Superrhero,,,,,
Meri Biwi Ka Jawab Nahin,,,,,
Acid Factory,,,,,
Tumsa Nahin Dekha,,,,,
The Seventh Horse of the Sun,,,,,
Dil Kabaddi,,,,,
Sardar,,,,,
Dhoondte Reh Jaaoge!,,,,,
Hum Tum Aur Ghost,,,,,
Junooniyat,,,,,
Anari,,,,,
Yeh Raaste Hain Pyaar Ke,,,,,
Janbaaz,,,,,
Jawani Zindabad,,,,,
Ajji,,,,,
Dharam Veer,,,,,
My Faraway Bride,,,,,
Dushman Duniya Ka,,,,,
Zulmi,,,,,
Ikke Pe Ikka,,,,,
Satyakam,,,,,
Daag: The Fire,,,,,
Made in China,,,,,
Lamhaa: The Untold Story of Kashmir,,,,,
Agni Sakshi,,,,,
Raghu Romeo,,,,,
Henna,,,,,
Mandi,,,,,
One Day: Justice Delivered,,,,,
M Cream,,,,,
Veerappan,,,,,
Shakespeare-Wallah,,,,,
Dil Tera Aashiq,,,,,
Saat Uchakkey,,,,,
Vaastu Shastra,,,,,
Badhaai Ho,,,,,
What If?,,,,,
Siddharth,,,,,
Garm Hava,,,,,
Veerana,,,,,
Andhaa Kaanoon,,,,,
Compulsed,,,,,
Mr. Bond,,,,,
Kuchh Bheege Alfaaz,,,,,
Jai Kishen,,,,,
The Touch,,,,,
Sankat City,,,,,
Kuch Khatti Kuch Meethi,,,,,
Cabin Fever,,,,,
Jo Bole So Nihaal,,,,,
Vijaypath,,,,,
23rd March 1931: Shaheed,,,,,
Anari No. 1,,,,,
Blackmail,,,,,
Isi Ka Naam Zindagi,,,,,
Toofan,,,,,
Dark Wind,,,,,
Chalk N Duster,,,,,
Anthony Kaun Hai?,,,,,
Dancer,,,,,
Bulandi,,,,,
Coffee with D,,,,,
Pal Pal Dil Ke Paas,,,,,
Hamid,,,,,
Mashaal,,,,,
C.I.D.,,,,,
Hathyar: Face to Face with Reality,,,,,
Rakht,,,,,
Listen... Amaya,,,,,
Ek Khiladi Ek Haseena,,,,,
Rocky,,,,,
Lahoo Ke Do Rang,,,,,
Bardaasht,,,,,
Hameshaa,,,,,
Bas Itna Sa Khwaab Hai...,,,,,
Gharwali Baharwali,,,,,
Chatur Singh Two Star,,,,,
Tarazu,,,,,
Darling,,,,,
Gumrah,,,,,
Naach,,,,,
Kishen Kanhaiya,,,,,
Guddu Ki Gun,,,,,
Kohram,,,,,
Kaanchi,,,,,
A Sublime Love Story: Barsaat,,,,,
Astitva,,,,,
Asambhav,,,,,
Dirty Politics,,,,,
Hostel,,,,,
Jhumroo,,,,,
Aaj Ka Arjun,,,,,
Kismet Love Paisa Dilli,,,,,
Lal Baadshah,,,,,
Tera Jadoo Chal Gayaa,,,,,
Holi,,,,,
Pyaar Ishq Aur Mohabbat,,,,,
Meeruthiya Gangsters,,,,,
O Teri,,,,,
Ek Chhotisi Love Story,,,,,
Shakalaka Boom Boom,,,,,
Hum Hain Bemisaal,,,,,
Daava,,,,,
Deewane Huye Paagal,,,,,
Deedar,,,,,
Risk,,,,,
Jajantaram Mamantaram,,,,,
Zaalim,,,,,
"Tom, Dick, and Harry",,,,,
Money Hai Toh Honey Hai,,,,,
Thakshak,,,,,
Fantastic Mr. Fox,,,,,
Jaane Kahan Se Aayi Hai,,,,,
The Great Gambler,,,,,
LoveShhuda,,,,,
Paandav,,,,,
Gangaa Jamunaa Saraswathi,,,,,
"Raat Gayi, Baat Gayi?",,,,,
Fraud Saiyaan,,,,,
Mumbai Se Aaya Mera Dost,,,,,
Lahore Confidential,,,,,
Kshatriya,,,,,
Naajayaz,,,,,
Satta,,,,,
I Love NY,,,,,
Upkar,,,,,
Hanuman,,,,,
Wajood,,,,,
Aunty No. 1,,,,,
Chitchor,,,,,
Dayavan,,,,,
Ajab Gazabb Love,,,,,
Main Madhuri Dixit Banna Chahti Hoon!,,,,,
3 AM: A Paranormal Experience,,,,,
Humko Tumse Pyaar Hai,,,,,
Kuch Tum Kaho Kuch Hum Kahein,,,,,
Khamoshi,,,,,
Desh Premee,,,,,
I - Proud to Be an Indian,,,,,
Bumm Bumm Bole,,,,,
Jamai Raja,,,,,
Jaane Jaan,,,,,
Hindustan Ki Kasam,,,,,
Speed,,,,,
Bhoot Returns,,,,,
Avtaar,,,,,
Vishnu Vijayam,,,,,
Khoya Khoya Chand,,,,,
Tehzeeb,,,,,
Maidan-E-Jung,,,,,
Chamku,,,,,
Antardwand,,,,,
Paying Guests,,,,,
Loha,,,,,
Shalimar,,,,,
Ekkees Toppon Ki Salaami,,,,,
Gunga Jumna,,,,,
Mughal-E-Azam,,,,,
Kayda Kanoon,,,,,
"Brother, Superhit!",,,,,
Jai Chiranjeeva,,,,,
Chalo Ishq Ladaaye,,,,,
Manjunath,,,,,
Rajnigandha,,,,,
Bas Ek Pal,,,,,
Hatya: The Murder,,,,,
Phoonk 2,,,,,
Kissise Na Kehna,,,,,
Betaab,,,,,
Dil Ki Baazi,,,,,
Kalyug,,,,,
Mere Apne,,,,,
Champion,,,,,
Prem Aggan,,,,,
Kartoos,,,,,
Calcutta Mail,,,,,
Loafer,,,,,
Tere Mere Sapne,,,,,
The White Ribbon,,,,,
Chaalis Chauraasi,,,,,
Captured by You,,,,,
Adventures of Ali-Baba and the Forty Thieves,,,,,
Nazar Ke Samne,,,,,
Hogi Pyaar Ki Jeet,,,,,
Daraar,,,,,
Chandra Mukhi,,,,,
Gour Hari Dastaan: The Freedom File,,,,,
Nehlle Pe Dehlla,,,,,
Just Married: Marriage Was Only the Beginning!,,,,,
Bollywood Queen,,,,,
Jaadugar,,,,,
Jawani Diwani: A Youthful Joyride,,,,,
Khel,,,,,
Bhumika,,,,,
Bubble Gum,,,,,
Heartless,,,,,
Dil Diya Hai,,,,,
Victory,,,,,
Dhund,,,,,
Hum Tum Pe Marte Hain,,,,,
Doli Saja Ke Rakhna,,,,,
Nishant,,,,,
Dil Vil Pyar Vyar,,,,,
Junglee,,,,,
Zakhmi Dil,,,,,
Flavors of Youth,,,,,
Kashmir Ki Kali,,,,,
Junoon,,,,,
Shararat,,,,,
Eeshwar,,,,,
Ram Balram,,,,,
Saaheb,,,,,
Kaun Kitney Paani Mein,,,,,
Half Ticket,,,,,
Rang Birangi,,,,,
Hattrick,,,,,
Chori Chori,,,,,
Rudaali,,,,,
Jal,,,,,
Issaq,,,,,
Mastram,,,,,
A Night in the Life of Jimmy Reardon,,,,,
Kismat,,,,,
Hum Kisise Kum Naheen,,,,,
Purana Mandir,,,,,
Jurm,,,,,
Deadline: Sirf 24 Ghante,,,,,
Dhokha,,,,,
Haqeeqat,,,,,
Love U... Mr. Kalakaar!,,,,,
Jaal: The Trap,,,,,
Kya Yehi Pyaar Hai,,,,,
Tathastu,,,,,
Ghulami,,,,,
Bombay to Bangkok,,,,,
Hu Ane Tu,,,,,
Mr. Sardonicus,,,,,
Bombay Talkies,,,,,
Ek Vivaah... Aisa Bhi,,,,,
The Death Sentence: Mrityu Dand,,,,,
Rog,,,,,
Jaani Dushman,,,,,
Damadamm!,,,,,
Aaina,,,,,
Rangrezz,,,,,
Kurbaan,,,,,
Geraftaar,,,,,
Rukh,,,,,
Manthan,,,,,
Farz,,,,,
Veerey Ki Wedding,,,,,
Gattu,,,,,
Jis Desh Men Ganga Behti Hai,,,,,
Deewaanapan,,,,,
Shikari,,,,,
Kasme Vaade,,,,,
PremGranth,,,,,
With Criminal Intent,,,,,
Hulchul,,,,,
Chaar Din Ki Chandni,,,,,
Chaand Kaa Tukdaa,,,,,
Bazaar,,,,,
Shaukeen,,,,,
Mahaan,,,,,
Chaudhvin Ka Chand,,,,,
Daag: A Poem of Love,,,,,
Do Anjaane,,,,,
Nagin,,,,,
Akayla,,,,,
Woodstock Villa,,,,,
Albert Pinto Ko Gussa Kyun Aata Hai?,,,,,
Roti,,,,,
Nanhe Jaisalmer: A Dream Come True,,,,,
Julie,,,,,
Aksar 2,,,,,
Ankush,,,,,
Hum Ho Gaye Aap Ke,,,,,
Ramayana: The Epic,,,,,
Fatso,,,,,
Mukhbiir,,,,,
Memories in March,,,,,
7 Hours to Go,,,,,
Aashiq,,,,,
Moksha: Salvation,,,,,
Karz: The Burden of Truth,,,,,
Narasimha,,,,,
Yalgaar,,,,,
Tere Ghar Ke Samne,,,,,
Aagey Se Right,,,,,
Mosamain Kadal,,,,,
Bhopal Express,,,,,
Hum Dono,,,,,
Turning 30!!!,,,,,
Super Nani,,,,,
Aap Ki Kasam,,,,,
Madhoshi,,,,,
Sharmaji Namkeen,,,,,
Little Zizou,,,,,
Naughty Boy,,,,,
Salaakhen,,,,,
Love Story,,,,,
Andaz Apna Apna,,,,,
Mrityudaata,,,,,
Mere Pyare Prime Minister,,,,,
Isi Life Mein...!,,,,,
Moh Maya Money,,,,,
Maharaja,,,,,
Mammo,,,,,
Dora and the Lost City of Gold,,,,,
Raag Desh,,,,,
Anupama,,,,,
Toh Baat Pakki!,,,,,
Bittoo Boss,,,,,
Nayee Padosan,,,,,
The Help,,,,,
Ankahee,,,,,
Kranti,,,,,
Hum To Mohabbat Karega,,,,,
Thanedaar,,,,,
Anari,,,,,
Zed Plus,,,,,
Droh Kaal,,,,,
Joggers' Park,,,,,
Jalpari: The Desert Mermaid,,,,,
My Friend Pinto,,,,,
Final Solution,,,,,
Through the Eyelashes,,,,,
Agnivarsha: The Fire and the Rain,,,,,
Rolling in Money,,,,,
Buddha Mar Gaya,,,,,
Daddy Cool,,,,,
Pyaar Koi Khel Nahin,,,,,
Khoon Pasina,,,,,
Indiana Jones and the Dial of Destiny,,,,,
Bemisal,,,,,
Amit Sahni Ki List,,,,,
Aazaan,,,,,
Swami,,,,,
Yeh Vaada Raha,,,,,
Pardesi Babu,,,,,
Janasheen,,,,,
Kunwara Baap,,,,,
Hatya,,,,,
My Dear Kuttichaathan,,,,,
Nastik,,,,,
Strangers,,,,,
Gunaah,,,,,
Tujhe Meri Kasam,,,,,
Main Aur Mr. Riight,,,,,
Khauff,,,,,
In Custody,,,,,
Safar,,,,,
Maatr,,,,,
Girlfriend,,,,,
Brahmachari,,,,,
Gang of Ghosts,,,,,
Khud-Daar,,,,,
Kya Love Story Hai,,,,,
Red Alert: The War Within,,,,,
Bhuvan Shome,,,,,
Utsav,,,,,
5 Weddings,,,,,
Tell Me O Kkhuda,,,,,
Jung,,,,,
In the Shadows,,,,,
Gudgudee,,,,,
Shiva,,,,,
Taqdeerwala,,,,,
The Plague,,,,,
Kanoon,,,,,
Shaheed,,,,,
Darwaza Bandh Rakho,,,,,
James,,,,,
Journey Bombay to Goa: Laughter Unlimited,,,,,
Tum Milo Toh Sahi,,,,,
Gundaraj,,,,,
Nishchaiy,,,,,
Dil Jo Bhi Kahey...,,,,,
Baaz: A Bird in Danger,,,,,
Aa Gaya Hero,,,,,
Banaras,,,,,
Miss Tanakpur Haazir Ho,,,,,
Hamraaz,,,,,
Bees Saal Baad,,,,,
Mumbai Delhi Mumbai,,,,,
Mr. Bechara,,,,,
The Householder,,,,,
Gambler,,,,,
Pran Jaye Par Vachan Na Jaye,,,,,
Teen Thay Bhai,,,,,
Yeh Majhdhaar,,,,,
Shor in the City,,,,,
Bombairiya,,,,,
Pukar,,,,,
Ghar Ho To Aisa,,,,,
Bhai,,,,,
Sssshhh...,,,,,
Click,,,,,
The Fire Within,,,,,
Rules: Pyaar Ka Superhit Formula,,,,,
Island City,,,,,
Pehla Nasha,,,,,
Dobaara: See Your Evil,,,,,
Vidhaata,,,,,
Morning Raga,,,,,
Hope Aur Hum,,,,,
Dil Juunglee,,,,,
Sangdil Sanam,,,,,
3 Storeys,,,,,
Alaap,,,,,
Ankhen,,,,,
Zameer,,,,,
Baabarr,,,,,
Yaraana,,,,,
Kabuliwala,,,,,
Jigariyaa,,,,,
Ek: The Power of One,,,,,
Utt Pataang,,,,,
?: A Question Mark,,,,,
Charas: A Joint Effort,,,,,
Pyaar Diwana Hota Hai,,,,,
Red: The Dark Side,,,,,
Khilona,,,,,
Barkhaa,,,,,
Aryan: Unbreakable,,,,,
Rajjo,,,,,
Gangoobai,,,,,
Sir,,,,,
People of Allah,,,,,
Evening Shadows,,,,,
Om Dar-B-Dar,,,,,
A Tale of Three Sisters,,,,,
The Film Emotional Atyachar,,,,,
Tera Mera Saath Rahen,,,,,
Eena Meena Deeka,,,,,
Maya,,,,,
Dear Dad,,,,,
Dear Maya,,,,,
Haqeeqat,,,,,
Patel Ki Punjabi Shaadi,,,,,
Gamble,,,,,
"Come, Embrace Me",,,,,
Tamanchey: Pyar Mein Dil Pe Maar De Goli,,,,,
Rajaji,,,,,
Zokkomon,,,,,
Accident on Hill Road,,,,,
Dekh Tamasha Dekh,,,,,
Faraar,,,,,
Prassthanam,,,,,
Hawa,,,,,
Teesri Aankh: The Hidden Camera,,,,,
Halkaa,,,,,
Bawandar,,,,,
Kal Aaj Aur Kal,,,,,
Ya Rab,,,,,
Warrior Savitri,,,,,
Hum Tum Shabana,,,,,
Muskurahat,,,,,
Kitne Door... Kitne Paas,,,,,
Khuddar,,,,,
Naughty @ 40,,,,,
Paar,,,,,
Kuchh Meetha Ho Jaye,,,,,
Hero Hindustani,,,,,
Krishna,,,,,
Raqeeb,,,,,
An Evening in Paris,,,,,
Hote Hote Pyar Hogaya,,,,,
Aaj,,,,,
Aashik Aawara,,,,,
Mera Gaon Mera Desh,,,,,
Hari Puttar: A Comedy of Terrors,,,,,
Sahi Dhandhe Galat Bande,,,,,
Aggar: Passion Betrayal Terror,,,,,
Na Ghar Ke Na Ghaat Ke,,,,,
Khudgarz,,,,,
Qaidi Band,,,,,
Zindagi Ek Juaa,,,,,
Kisaan,,,,,
Hazaar Chaurasi Ki Maa,,,,,
Destiny,,,,,
Jigyaasa,,,,,
Itihaas,,,,,
Mehndi,,,,,
Rakshak,,,,,
Dassehra,,,,,
Anamika,,,,,
Haatim Tai,,,,,
High Jack,,,,,
Dharmatma,,,,,
Angaar,,,,,
Sikandar,,,,,
Julie,,,,,
OMG: Oh My God!,,,,,
Sharafat Gayi Tel Lene,,,,,
Bandh Darwaza,,,,,
Julie 2,,,,,
Nigahen: Nagina Part II,,,,,
Dastak,,,,,
Pratiggya,,,,,
Jab Jab Phool Khile,,,,,
Baap Numbri Beta Dus Numbri,,,,,
Chal Chala Chal,,,,,
Rajkumar,,,,,
Madhosh,,,,,
Life Mein Kabhie Kabhiee,,,,,
Parwana,,,,,
Kudrat,,,,,
Adalat,,,,,
Hero Hiralal,,,,,
Koi Mere Dil Se Poochhe,,,,,
Yeh Vaada Raha,,,,,
Manzil,,,,,
Mitr: My Friend,,,,,
Koyelaanchal,,,,,
Yeh Hai Bakrapur,,,,,
Vijeta,,,,,
Sheesha,,,,,
Anamika: The Untold Story,,,,,
Shortcut Romeo,,,,,
Tere Mere Phere,,,,,
Jai Veeru: Friends Forever,,,,,
Aah,,,,,
Lootere,,,,,
Aaghaaz,,,,,
Kala Pani,,,,,
Amavas,,,,,
Taxi Driver,,,,,
Caravan,,,,,
Bollywood Diaries,,,,,
Life Ki Toh Lag Gayi,,,,,
Neel Kamal,,,,,
Andaz,,,,,
Sphere,,,,,
Aapko Pehle Bhi Kahin Dekha Hai,,,,,
Die Hard,,,,,
Dhund: The Fog,,,,,
Joshilaay,,,,,
Himmatwala,,,,,
Kyaa Dil Ne Kahaa,,,,,
Rebellious Flower,,,,,
Kuku Mathur Ki Jhand Ho Gayi,,,,,
Insaniyat,,,,,
The Savage Princess,,,,,
Dacait,,,,,
Mumbai Matinee,,,,,
Indrajeet,,,,,
Train to Pakistan,,,,,
Zindaggi Rocks,,,,,
Is Raat Ki Subah Nahin,,,,,
Heera Panna,,,,,
Dulaara,,,,,
Yeh Dil Aashiqanaa,,,,,
Bin Bulaye Baraati,,,,,
Kora Kagaz,,,,,
Duvidha,,,,,
Vicky Cristina Barcelona,,,,,
Magic Mike's Last Dance,,,,,
Haal-e-Dil,,,,,
Asli-Naqli,,,,,
Kalicharan,,,,,
Sohni Mahiwal,,,,,
Inquilaab,,,,,
Benaam,,,,,
Hyderabad Blues 2,,,,,
Yeh Hai Mumbai Meri Jaan,,,,,
Days of Tafree,,,,,
Filhaal...,,,,,
Dhanwaan,,,,,
A Decent Arrangement,,,,,
Rahul,,,,,
Khamoshh... Khauff Ki Raat,,,,,
Dhoop,,,,,
The Runaways,,,,,
Do Raaste,,,,,
Safari,,,,,
Chor Chor Super Chor,,,,,
Yeh Kya Ho Raha Hai?,,,,,
Kala Bazar,,,,,
My Birthday Song,,,,,
Jhootha Kahin Ka,,,,,
Achanak,,,,,
Andolan,,,,,
Khushboo,,,,,
Nikaah,,,,,
Split Wide Open,,,,,
Vinashak - Destroyer,,,,,
Benaam Badsha,,,,,
The Human Contract,,,,,
She's Out of Control,,,,,
Sweetiee Weds NRI,,,,,
Kaalo,,,,,
Red Swastik,,,,,
Zindagi 50 50,,,,,
Bachelor Party,,,,,
Sachaa Jhutha,,,,,
Phamous,,,,,
Ghost Graduation,,,,,
Arzoo,,,,,
The Apartment,,,,,
Phir Teri Kahani Yaad Aayee,,,,,
31st October,,,,,
Enemmy,,,,,
Daas Dev,,,,,
Farishtay,,,,,
Aabra Ka Daabra,,,,,
Waah! Tera Kya Kehna,,,,,
Tere Mere Sapne,,,,,
Khandhar,,,,,
Shirdi Ke Sai Baba,,,,,
Kaashi in Search of Ganga,,,,,
Jung,,,,,
American Outlaws,,,,,
Aar Ya Paar,,,,,
Insaf Ka Tarazu,,,,,
Laila Majnu,,,,,
Chhote Sarkar,,,,,
Night,,,,,
Beti No. 1,,,,,
Gulabi Gang,,,,,
Waris Shah: Ishq Daa Waaris,,,,,
Aar Ya Paar,,,,,
Hawas,,,,,
Phool Aur Patthar,,,,,
Koi Aap Sa: But Lovers Have to Be Friends,,,,,
Purani Haveli,,,,,
Tarkieb,,,,,
Prem Kaa Game,,,,,
Bachke Rehna Re Baba,,,,,
Dost,,,,,
Santa Banta Pvt Ltd,,,,,
Buddha Mil Gaya,,,,,
Lokmanya Ek Yugpurush,,,,,
Banarasi Babu,,,,,
Mahakaal,,,,,
Professor,,,,,
Paying Guest,,,,,
Tera Kya Hoga Johnny,,,,,
Prem Pratigyaa,,,,,
A Flat,,,,,
Teri Meherbaniyan,,,,,
Prem Deewane,,,,,
Chacha Bhatija,,,,,
Gandhi to Hitler,,,,,
Saat Hindustani,,,,,
Dil Pe Mat Le Yaar!!,,,,,
Maximum Overdrive,,,,,
The Blueberry Hunt,,,,,
Aag,,,,,
Khwahish,,,,,
Manoranjan,,,,,
Aap Ke Deewane,,,,,
Jaisi Karni Waisi Bharni,,,,,
Silsila Hai Pyar Ka,,,,,
Ahlaam,,,,,
Hum Chaar,,,,,
Ram-Avtar,,,,,
Papi Gudia,,,,,
Khajoor Pe Atke,,,,,
Rocky Aur Rani Kii Prem Kahaani,,,,,
Ab Ke Baras,,,,,
Raja Bhaiya,,,,,
Amanush,,,,,
Prem Pujari,,,,,
Yahudi,,,,,
Loha,,,,,
Green Card Fever,,,,,
Vijay,,,,,
Bekhudi,,,,,
Deedar,,,,,
Gone Kesh,,,,,
Hum Saath-Saath Hain,,,,,
Mere Dost Picture Abhi Baaki Hai,,,,,
Aasha,,,,,
Krodh,,,,,
Aan Milo Sajna,,,,,
Shorgul,,,,,
Mumbai Salsa,,,,,
Jimmy,,,,,
Chhalia,,,,,
Jeevan Mrityu,,,,,
Dillagi,,,,,
Mr. Singh/Mrs. Mehta,,,,,
Yeh Dil,,,,,
Mortal Kombat,,,,,
Ek Phool Do Mali,,,,,
Baaghi,,,,,
Stepfather II: Make Room for Daddy,,,,,
Leader,,,,,
Aadmi,,,,,
Kala Bazaar,,,,,
Muskaan,,,,,
Aashirwad,,,,,
Reshma Aur Shera,,,,,
Kehtaa Hai Dil Baar Baar,,,,,
Divya Shakti,,,,,
Veerapandiya Kattabomman,,,,,
Kitaab,,,,,
Thodasa Roomani Ho Jaayen,,,,,
Heer Raanjha,,,,,
Bambai Ka Babu,,,,,
Wedding Pullav,,,,,
"Right Here, Right Now",,,,,
Achanak,,,,,
Balika Badhu,,,,,
Oh Darling Yeh Hai India,,,,,
Souten,,,,,
The Gentlemen,,,,,
Mumbai 125 KM 3D,,,,,
Victoria No. 203,,,,,
Mere Mehboob,,,,,
Raja Jani,,,,,
Piya Ka Ghar,,,,,
Chintu Ji,,,,,
Raasaiyya,,,,,
Papa Kahte Hain,,,,,
Chingaari,,,,,
Padmashree Laloo Prasad Yadav,,,,,
Aavishkar,,,,,
Dushmani: A Violent Love Story,,,,,
Himmat,,,,,
Gharaonda,,,,,
Blackmail,,,,,
Phhir,,,,,
Parwana,,,,,
China Town,,,,,
Batwara,,,,,
Dream Girl,,,,,
Sailaab,,,,,
SHOT! The Psycho-Spiritual Mantra of Rock,,,,,
Qatl,,,,,
Gopi,,,,,
Hum Paanch,,,,,
Platform,,,,,
Dushmun,,,,,
Aastha: In the Prison of Spring,,,,,
Global Baba,,,,,
Ghar Ghar Ki Kahani,,,,,
Dilliwaali Zaalim Girlfriend,,,,,
Trikal,,,,,
Kaash,,,,,
Takkar,,,,,
Gair,,,,,
Abdullah,,,,,
Dil Ka Kya Kasoor,,,,,
Dahek: A Burning Passion,,,,,
Inkaar,,,,,
Howrah Bridge,,,,,
Anubhav,,,,,
Main Krishna Hoon,,,,,
Sahibaan,,,,,
Miley - Naa Miley - Hum,,,,,
Jugnu,,,,,
Setters,,,,,
Rang,,,,,
Ek Hi Raasta,,,,,
Sardari Begum,,,,,
Krishna Aur Kans,,,,,
Hum Dono,,,,,
Challo Driver,,,,,
Pyaar Mein Twist,,,,,
Hum Hain Kamaal Ke,,,,,
Izzatdaar,,,,,
Jaane Hoga Kya,,,,,
Sooper Se Ooper,,,,,
Surakshaa,,,,,
Via Darjeeling,,,,,
Khatron Ke Khiladi,,,,,
Escape from Taliban,,,,,
Ghar Dwaar,,,,,
Teen Devian,,,,,
Amrapali,,,,,
Yateem,,,,,
Taj Mahal: An Eternal Love Story,,,,,
Pyaar Mein Kabhi Kabhi...,,,,,
Bhagwaan Dada,,,,,
Mere Jeevan Saathi,,,,,
Khamoshi,,,,,
Dil Tera Diwana,,,,,
Shaktiman,,,,,
Alavuddinum Athbutha Vilakkum,,,,,
What the Fish,,,,,
Janwar,,,,,
Charas,,,,,
Immaan Dharam,,,,,
Ajay,,,,,
Jurmana,,,,,
Anuradha,,,,,
Yudh,,,,,
Balwaan,,,,,
Diksha,,,,,
Fareb,,,,,
Tum Se Achcha Kaun Hai,,,,,
Rough Book,,,,,
Pyar Kiye Jaa,,,,,
Kabzaa,,,,,
Kushti,,,,,
The Making of the Mahatma,,,,,
Dariya Dil,,,,,
Super Model,,,,,
Talash,,,,,
Krodhi,,,,,
Baat Ban Jaye,,,,,
Apna Asmaan,,,,,
Bhakta Prahlada,,,,,
Red Rose,,,,,
Hawayein,,,,,
Jeevan Ek Sanghursh,,,,,
New Delhi Times,,,,,
The Skies Have Bowed,,,,,
Saathi,,,,,
Apne Paraye,,,,,
Anurodh,,,,,
Mahaanta: The Film,,,,,
Second Hand Husband,,,,,
Shart: The Challenge,,,,,
Daag,,,,,
Ajanabee,,,,,
Pyar Jhukta Nahin,,,,,
Jagir,,,,,
Jia Aur Jia,,,,,
Muqabla,,,,,
Ishqeria,,,,,
Ishq Hai Tumse,,,,,
Angrakshak,,,,,
Pestonjee,,,,,
Amar,,,,,
Commando,,,,,
Dunno Y Na Jaane Kyun...,,,,,
Des Pardes,,,,,
Parama Veera Chakra,,,,,
Ek Se Badhkar Ek,,,,,
Vardi,,,,,
Machhli Jal Ki Rani Hai,,,,,
Dongri Ka Raja,,,,,
Hum Hai Raahi CAR Ke,,,,,
Dhool Ka Phool,,,,,
Sangeet,,,,,
The Holiday,,,,,
Aitbaar,,,,,
Milan,,,,,
Ishqedarriyaan,,,,,
Laawaris,,,,,
Yeh Zindagi Ka Safar,,,,,
Go Go Tales,,,,,
Suno Sasurjee,,,,,
Agar Tum Na Hote,,,,,
Fuddu,,,,,
Ramaa: The Saviour,,,,,
Mohan Joshi Hazir Ho!,,,,,
Naya Din Nai Raat,,,,,
Rajkumar,,,,,
Aakhir Kyon?,,,,,
Prem Kahani,,,,,
Aaj Ka Goonda Raaj,,,,,
Inteha,,,,,
Gaman,,,,,
Shukriya: Till Death Do Us Apart,,,,,
Bees Saal Baad,,,,,
Uvaa,,,,,
Aao Pyaar Karen,,,,,
Hastey Hastey Follow Your Heart,,,,,
Sharmeelee,,,,,
Jalwa,,,,,
The Gambler,,,,,
Kohinoor,,,,,
The Inn of the Sixth Happiness,,,,,
Naukar Biwi Ka,,,,,
Bombai Ka Babu,,,,,
A New Love in Tokyo,,,,,
Pehchaan,,,,,
Khandan,,,,,
Noorie,,,,,
Maha-Sangram,,,,,
Nau Do Gyarah,,,,,
Awaargi,,,,,
Jugni,,,,,
Samraat,,,,,
Qahar,,,,,
Kis Kis Ki Kismat,,,,,
Rajput,,,,,
Ek Hi Bhool,,,,,
Hifazat,,,,,
Andar Baahar,,,,,
Khal-Naaikaa,,,,,
Market,,,,,
Annarth,,,,,
Dil Deke Dekho,,,,,
The Train,,,,,
22 Yards,,,,,
Badmashiyaan,,,,,
Sapne Saajan Ke,,,,,
Space Sheriff Gavan: The Movie,,,,,
Gehrayee,,,,,
Jallaad,,,,,
Kabhi Na Kabhi,,,,,
Tahkhana,,,,,
Paisa Vasool,,,,,
Police Public,,,,,
Waaris,,,,,
Sargam,,,,,
Aadmi Aur Insaan,,,,,
Chor Machaye Shor,,,,,
Shabri,,,,,
Bedardi,,,,,
Shriman Shrimati,,,,,
Ghaath,,,,,
Ilaaka,,,,,
Kisse Pyaar Karoon?,,,,,
Zindagi Na Milegi Dobara,,,,,
Prem Qaidi,,,,,
Amrit,,,,,
Ghazab,,,,,
Dil Apna Aur Preet Parai,,,,,
Navrang,,,,,
Kucch Luv Jaisaa,,,,,
Hey Bro,,,,,
Mehbooba,,,,,
Hukumat,,,,,
Mujrim,,,,,
Zulm Ki Hukumat,,,,,
Ranbanka,,,,,
Duniya,,,,,
Loafer,,,,,
Swami,,,,,
Kaamchor,,,,,
Sanam Teri Kasam,,,,,
Kanoon Apna Apna,,,,,
Kudrat,,,,,
Bhoot Unkle,,,,,
Sadhu Aur Shaitaan,,,,,
Dil Ek Mandir,,,,,
Saraswatichandra,,,,,
Vishwanath,,,,,
Jaan Tere Naam,,,,,
Udhaar Ki Zindagi,,,,,
Antham,,,,,
Naseeb Apna Apna,,,,,
Tadipaar,,,,,
Rokkk,,,,,
"Karma, Confessions and Holi",,,,,
Ananda Ashram,,,,,
Azaad,,,,,
Manchali,,,,,
Bandook,,,,,
Dharam Karam,,,,,
Himalay Putra,,,,,
Gurudev Hoysala,,,,,
Encounter: The Killing,,,,,
Umbartha,,,,,
Prince,,,,,
Sanjog,,,,,
Teesra Kaun?,,,,,
Badlapur Boys,,,,,
Pankh,,,,,
Patthar Ke Sanam,,,,,
36 Ghante,,,,,
Boxer,,,,,
Bhabhi,,,,,
Chehraa,,,,,
Lakhon Ki Baat,,,,,
Hindustan Ki Kasam,,,,,
Jeete Hain Shaan Se,,,,,
Desi Kattey,,,,,
Karle Pyaar Karle,,,,,
Aghaat,,,,,
Anubhav,,,,,
Barsaat Ki Raat,,,,,
Jagriti,,,,,
Pratibandh,,,,,
Raaj Tilak,,,,,
Kissaa Kursee Kaa,,,,,
Chori Mera Kaam,,,,,
Taj Mahal,,,,,
The Fog,,,,,
Sunny,,,,,
Aadmi Khilona Hai,,,,,
Kaagaz Ke Fools,,,,,
Doosara Aadmi,,,,,
Allah-Rakha,,,,,
Saajan Ka Ghar,,,,,
Showbiz Kids,,,,,
Nirdosh,,,,,
Shagird,,,,,
Gumrah,,,,,
Mehboob Ki Mehndi,,,,,
Melody,,,,,
Meri Ganga Ki Saugandh,,,,,
The Guru,,,,,
Fareb,,,,,
Phool Bane Angaray,,,,,
Adventures of Tarzan,,,,,
Censor,,,,,
Tarana,,,,,
Dastak,,,,,
Baat Ek Raat Ki,,,,,
Suraj,,,,,
Jab Pyar Kisise Hota Hai,,,,,
Kinara,,,,,
Raaz,,,,,
Kasam Paida Karne Wale Ki,,,,,
Gehri Chaal,,,,,
Haathkadi,,,,,
Zamaane Ko Dikhana Hai,,,,,
Yehi Hai Zindagi,,,,,
Phool Aur Angaar,,,,,
Stumped,,,,,
Dil Hi To Hai,,,,,
Ek Chadar Maili Si,,,,,
Kab? Kyoon? Aur Kahan?,,,,,
Bhram: An Illusion,,,,,
Parakh,,,,,
Main Tulsi Tere Aangan Ki,,,,,
27 Down,,,,,
Gopichand Jasoos,,,,,
Antarnaad,,,,,
Bhrashtachar,,,,,
2001: Do Hazaar Ek,,,,,
Mrigayaa,,,,,
Lal Patthar,,,,,
Hava Aney Dey,,,,,
Kaajal,,,,,
Inaam Dus Hazaar,,,,,
Gauri: The Unborn,,,,,
Saansein: The Last Breath,,,,,
Genesis,,,,,
Parineeta,,,,,
Meri Lalkaar,,,,,
Hari-Bhari,,,,,
Anth,,,,,
Sarhad Paar,,,,,
Hello Darling,,,,,
Jai Santoshi Maa,,,,,
Naaraaz,,,,,
Doodh Ka Karz,,,,,
Damul,,,,,
Nauker,,,,,
Ayee Milan Ki Bela,,,,,
Coffee Bloom,,,,,
Kasauti,,,,,
Aanch,,,,,
Shreemaan Aashique,,,,,
Humse Badhkar Kaun: The Entertainer,,,,,
Bal Bramhachari,,,,,
M.A.D: Mad About Dance,,,,,
Tohfa,,,,,
Officer,,,,,
Ek Tha Raja,,,,,
Jurm,,,,,
Dus Numbri,,,,,
Return of Jewel Thief,,,,,
Professor Pyarelal,,,,,
Diwana,,,,,
Abodh,,,,,
Motu Patlu: King of Kings,,,,,
Ashanti,,,,,
Anita,,,,,
Guru,,,,,
Bluff Master,,,,,
Prithvi,,,,,
Jo Hum Chahein,,,,,
Mirza Ghalib,,,,,
Samadhi,,,,,
Arvind Desai Ki Ajeeb Dastaan,,,,,
Apna Desh,,,,,
Tumsa Nahin Dekha,,,,,
Bhoot Bungla,,,,,
Man Pasand,,,,,
Watan Ke Rakhwale,,,,,
Qila,,,,,
Saas Bahu Aur Sensex,,,,,
Dil Hai Betaab,,,,,
Pyar Ka Mausam,,,,,
Aya Sawan Jhoom Ke,,,,,
The Gold Medal,,,,,
Khap,,,,,
Anmol,,,,,
Kasam,,,,,
Yaar Gaddar,,,,,
Dil Ne Phir Yaad Kiya,,,,,
Ankahee,,,,,
Naseem,,,,,
Haath Ki Safai,,,,,
Aulad,,,,,
Do Ladke Dono Kadke,,,,,
U R My Jaan,,,,,
Love Shagun,,,,,
Do Qaidi,,,,,
Jaal,,,,,
Ravan Raaj: A True Story,,,,,
Mr. X in Bombay,,,,,
Mai,,,,,
Khote Sikkay,,,,,
Gora Aur Kala,,,,,
Shaadi Ka Laddoo,,,,,
Uttar Dakshin,,,,,
Space Station 76,,,,,
Manmadha Leelai,,,,,
Dastaan,,,,,
Geet,,,,,
The Warrant,,,,,
Pratikar,,,,,
Magic Magic 3D,,,,,
Ishq Forever,,,,,
Jhanak Jhanak Payal Baaje,,,,,
Sirf Ek Bandaa Kaafi Hai,,,,,
Agni Pankh,,,,,
Phool Aur Angaar,,,,,
Titoo MBA,,,,,
Seema,,,,,
Anpadh,,,,,
Meera,,,,,
Naya Zamana,,,,,
Login,,,,,
Besharam,,,,,
Dalaal,,,,,
Aa Gale Lag Jaa,,,,,
Ek Haseena Thi Ek Deewana Tha,,,,,
Chase,,,,,
Pyaasa,,,,,
Griha Pravesh,,,,,
Geet Gaata Chal,,,,,
Aaye Din Bahar Ke,,,,,
Shikar,,,,,
Chhota Bheem and the Throne of Bali,,,,,
Joshila,,,,,
Meri Biwi Ki Shaadi,,,,,
Star Trek VI: The Undiscovered Country,,,,,
Jaan Se Pyaara,,,,,
Bade Dil Wala,,,,,
Meerabai Not Out,,,,,
Zara Si Zindagi,,,,,
Hume Tumse Pyaar Kitna,,,,,
Haseena Maan Jayegi,,,,,
Thodisi Bewafaii,,,,,
Paap Ki Duniya,,,,,
Swarag Se Sunder,,,,,
Mujhe Meri Biwi Se Bachaao,,,,,
Swati,,,,,
Say Salaam India: 'Let's Bring the Cup Home',,,,,
Chargesheet,,,,,
Jaal,,,,,
Sindoor,,,,,
Chhodon Naa Yaar,,,,,
Love in Simla,,,,,
Aaina,,,,,
Soch Lo,,,,,
Sharada,,,,,
Farz,,,,,
Fakira,,,,,
Sanam Bewafa,,,,,
Dharm Adhikari,,,,,
Aag Hi Aag,,,,,
Paranthe Wali Gali,,,,,
Ishq Click,,,,,
Aaj Ki Taaza Khabar,,,,,
Satyamev Jayate,,,,,
Mazdoor,,,,,
Pyar Ka Mandir,,,,,
Do Jasoos,,,,,
Around the World in 80 Days,,,,,
Jeena Isi Ka Naam Hai,,,,,
Zahreelay,,,,,
Pehla Pehla Pyar,,,,,
Gollu Aur Pappu,,,,,
Khuda Kasam,,,,,
Massey Sahib,,,,,
Bairaag,,,,,
Bandhe Haath,,,,,
Ek Nazar,,,,,
Ehsaas: The Feeling,,,,,
Aag Ka Gola,,,,,
Taaqat,,,,,
Insaaf: The Justice,,,,,
Pardesi,,,,,
Sucker Punch,,,,,
Shatranj,,,,,
Kash... Aap Hamare Hote,,,,,
Mr Bhatti on Chutti,,,,,
Anuraag,,,,,
Sunghursh,,,,,
Geet Gaaya Pattharon Ne,,,,,
Deliver Us from Evil,,,,,
Popcorn Khao! Mast Ho Jao,,,,,
Aatank Hi Aatank,,,,,
Munimji,,,,,
Tawaif,,,,,
Baaz,,,,,
A Serbian Film,,,,,
Swami Dada,,,,,
Marte Dam Tak,,,,,
Kahani Kismat Ki,,,,,
Saat Rang Ke Sapne,,,,,
Ata Pata Lapatta,,,,,
Aashiq Hoon Baharon Ka,,,,,
Inteqam: The Perfect Game,,,,,
Musafir,,,,,
Anand Math,,,,,
Jheel Ke Us Paar,,,,,
Dil Jo Na Keh Saka,,,,,
Jawani Diwani,,,,,
Katilon Ke Kaatil,,,,,
Mohabbat,,,,,
Taqdeer,,,,,
Luv U Alia,,,,,
Mr. Azaad,,,,,
Do Chor,,,,,
Surakksha,,,,,
Anokhi Raat,,,,,
Do Badan,,,,,
Babloo Happy Hai,,,,,
Maa,,,,,
Dil Pardesi Ho Gayaa,,,,,
Yakeen,,,,,
Milan,,,,,
Ek Din 24 Ghante,,,,,
Bangaru Bullodu,,,,,
Dulha Dulhan,,,,,
Baharen Phir Bhi Aayengi,,,,,
Amir Garib,,,,,
Shapath,,,,,
Aakrosh: Cyclone of Anger,,,,,
Majhli Didi,,,,,
Sangdil,,,,,
Ginny Aur Johnny,,,,,
Hip Hip Hurray,,,,,
Himalay Ki Godmein,,,,,
Aadmi,,,,,
Masterji,,,,,
Karz Chukana Hai,,,,,
Zabardast,,,,,
Jai Vikraanta,,,,,
Grahan,,,,,
Chhupa Rustam: A Musical Thriller,,,,,
Battalion 609,,,,,
Azaad,,,,,
Pagla Kahin Ka,,,,,
Bandhan,,,,,
Jhansi Ki Rani,,,,,
Bombay 405 Miles,,,,,
Joroo Ka Ghulam,,,,,
Alag Alag,,,,,
Nazrana,,,,,
Ilzaam,,,,,
Wah Taj,,,,,
The Don,,,,,
Sone Pe Suhaaga,,,,,
Kutoppen - På sporet,,,,,
Raja Ko Rani Se Pyar Ho Gaya,,,,,
Arohan,,,,,
Chitralekha,,,,,
Sagina,,,,,
Phir Wohi Raat,,,,,
Waqt Ki Awaz,,,,,
Do Gaz Zameen Ke Neeche,,,,,
Masoom,,,,,
Love 86,,,,,
Agent Vinod,,,,,
Sanam,,,,,
Koi Mere Dil Mein Hai,,,,,
Bajrangbali,,,,,
Yaadein,,,,,
Daisy,,,,,
Chhupa Rustam,,,,,
Dil Tera Diwana,,,,,
Phir Kabhi,,,,,
Aap Aye Bahaar Ayee,,,,,
Baharon Ke Sapne,,,,,
Ab Dilli Dur Nahin,,,,,
Ranchi Diaries,,,,,
Be-Imaan,,,,,
Lahu Ke Do Rang,,,,,
Prem Shakti,,,,,
Maid in Paris,,,,,
Saathi,,,,,
Karateciler Istanbul'da,,,,,
Anokha Bandhan,,,,,
Heeralal Pannalal,,,,,
Tumse Achha Kaun Hai,,,,,
Pyar Ki Kahani,,,,,
From Sydney with Love,,,,,
Dharam Kanta,,,,,
Lok Parlok,,,,,
Raaste Kaa Patthar,,,,,
Humjoli,,,,,
Monica,,,,,
Gair Kaanooni,,,,,
Yeh Dooriyan,,,,,
Khoon Ka Karz,,,,,
Devar,,,,,
Bullet,,,,,
Jeene Ki Raah,,,,,
Goutte d'or,,,,,
Aamne - Saamne,,,,,
Kaun Sachcha Kaun Jhootha,,,,,
Awara Baap,,,,,
Sadiyaan: Boundaries Divide... Love Unites,,,,,
Ittefaq,,,,,
Chaahat Ek Nasha...,,,,,
P Se PM Tak,,,,,
Drishti,,,,,
Phir Wohi Dil Laya Hoon,,,,,
Bahurani,,,,,
Aakhari Decision,,,,,
Khatarnaak,,,,,
Lucky Kabootar,,,,,
Hum Naujawan,,,,,
Bang Gang: A Modern Love Story,,,,,
Fun: Can Be Dangerous Sometimes,,,,,
Phir Subha Hogi,,,,,
Hanste Zakhm,,,,,
Funtoosh,,,,,
Tum Haseen Main Jawan,,,,,
Sanjog,,,,,
Chhailla Babu,,,,,
Teesri Aankh,,,,,
Zalzala,,,,,
Aaj Ki Awaz,,,,,
Khilaaf,,,,,
Mohre,,,,,
Aasoo Bane Angaarey,,,,,
Rihaee,,,,,
Banarasi Babu,,,,,
Maazii,,,,,
Flat 211,,,,,
Pataal Bhairavi,,,,,
Vishwasghaat,,,,,
Kudiyon Ka Hai Zamaana,,,,,
Pyaasa Sawan,,,,,
Jaali Note,,,,,
Dharmputra,,,,,
Insaniyat,,,,,
Apnapan,,,,,
Garam Masala,,,,,
Justice Chaudhury,,,,,
Luv U Soniyo,,,,,
Shastra,,,,,
Madam X,,,,,
Kanyadaan,,,,,
House No. 44,,,,,
Hulchul,,,,,
Mere Hamdam Mere Dost,,,,,
Cheetah,,,,,
Maqsad,,,,,
Khwaabb,,,,,
Don't Stop Dreaming,,,,,
Maseeha,,,,,
Direct Ishq,,,,,
Anarkali,,,,,
Dhuan,,,,,
Izzat,,,,,
Hariyali Aur Rasta,,,,,
Jaani Dost,,,,,
Umar,,,,,
Baat Bann Gayi,,,,,
Ghar Ek Mandir,,,,,
Aakhri Adaalat,,,,,
Gunaah,,,,,
Anjaane: The Unknown,,,,,
Andhaa Yudh,,,,,
Sharafat,,,,,
Do Dooni Char,,,,,
Bahu Begum,,,,,
Lootmaar,,,,,
Arpan,,,,,
Satrangee Parachute,,,,,
Mawaali,,,,,
Yeh Mohabbat Hai,,,,,
Ram Shastra,,,,,
Palkon Ki Chhaon Mein,,,,,
Mujhe Jeene Do,,,,,
Naukari,,,,,
New Delhi,,,,,
Budtameez,,,,,
Jogan,,,,,
Madhosh,,,,,
Apradh,,,,,
5 Ghantey Mien 5 Crore,,,,,
Banjaran,,,,,
88 Antop Hill,,,,,
Sheshnaag,,,,,
Vijeta,,,,,
Aashiqui.In,,,,,
Fruit & Nut,,,,,
Prem Geet,,,,,
Darmiyaan: In Between,,,,,
Jeevan Dhaara,,,,,
Chinar Daastaan-E-Ishq,,,,,
Pyari Behna,,,,,
Hamari Bahu Alka,,,,,
Albela,,,,,
Jaag Utha Insan,,,,,
Do Kaliyaan,,,,,
Pehchaan: The Face of Truth,,,,,
Jung Baaz,,,,,
Saatwan Aasman,,,,,
Ekka Raja Rani,,,,,
Izzat Ki Roti,,,,,
Kasak,,,,,
Pratighaat,,,,,
Amar Deep,,,,,
The Silent Heroes,,,,,
Kalaakaar,,,,,
Raampur Ka Lakshman,,,,,
Vansh,,,,,
The Family Way,,,,,
Bewaffa Se Waffa,,,,,
Dhaal: The Battle of Law Against Law,,,,,
Patita,,,,,
Dard Ka Rishta,,,,,
Insaaf,,,,,
Abhinetri,,,,,
Jangal Mein Mangal,,,,,
Toofan Aur Deeya,,,,,
Professor Ki Padosan,,,,,
Sheen,,,,,
Ghar Ka Chiraag,,,,,
Veerta,,,,,
Paap Ko Jalaa Kar Raakh Kar Doonga,,,,,
Daata,,,,,
Albert Pinto Ko Gussa Kyun Aata Hai?,,,,,
Bezubaan Ishq,,,,,
Impatient Vivek,,,,,
Sanshodhan,,,,,
Trishagni,,,,,
Ghar Ghar Ki Kahani,,,,,
Prem Patra,,,,,
Do Ustad,,,,,
Mahabharat,,,,,
Uljhan,,,,,
Dosti Dushmani,,,,,
Zamane Se Kya Darna,,,,,
Dak Bangla,,,,,
Adharm,,,,,
Jack & Dil,,,,,
Saajan Ki Baahon Mein,,,,,
Raat Aur Din,,,,,
Dattak,,,,,
Ek Paheli Leela,,,,,
Baghavat,,,,,
Chhoti Bahu,,,,,
Aaj Kaa M.L.A. Ram Avtar,,,,,
Trinetra,,,,,
Uran Khatola,,,,,
Ishk Ishk Ishk,,,,,
Uphaar,,,,,
Sajan,,,,,
Dil Daulat Duniya,,,,,
Pasand Apni Apni,,,,,
Swarg Yahan Narak Yahan,,,,,
Vishnu-Devaa,,,,,
Wedding Anniversary,,,,,
Kismat,,,,,
Ssukh,,,,,
Main Tera Dushman,,,,,
Mr Prime Minister,,,,,
Don Muthu Swami,,,,,
Virodhi,,,,,
Naaka Bandi,,,,,
Karar: The Deal,,,,,
Afsana,,,,,
Anhonee,,,,,
Babu,,,,,
Ek Mahal Ho Sapno Ka,,,,,
Duniya,,,,,
Twelve O'Clock High,,,,,
Zehreela Insaan,,,,,
Paigham,,,,,
Main Nashe Men Hoon,,,,,
Thayillamal Nannilai,,,,,
Duniya Meri Jeb Mein,,,,,
Aisi Bhi Kya Jaldi Hai,,,,,
Thikana,,,,,
Judaai,,,,,
Bewafai,,,,,
Imaandaar,,,,,
Swarg Narak,,,,,
Ghar Sansar,,,,,
C.I.D.,,,,,
Thoda Lutf Thoda Ishq,,,,,
Dulhan Wahi Jo Piya Man Bhaye,,,,,
White Mane,,,,,
Bhanwarey,,,,,
Bypass Road,,,,,
Aarti,,,,,
Dilli Ka Thug,,,,,
Karm,,,,,
International Crook,,,,,
Bidaai,,,,,
Singapore,,,,,
Baazi,,,,,
Dhartiputra,,,,,
Gangster,,,,,
Mafia,,,,,
Jaanam,,,,,
Bhagyawan,,,,,
Judge Mujrim,,,,,
Suraag,,,,,
Kamla,,,,,
Safed Haathi,,,,,
Maryada,,,,,
Father's House,,,,,
Param Vir Chakra,,,,,
Ek Phool Do Mali,,,,,
Sanyasi,,,,,
Nagin,,,,,
The Journey of Karma,,,,,
Chalte Chalte,,,,,
Barood,,,,,
Insaniyat Ke Devta,,,,,
Kartavya,,,,,
Bahaar Aane Tak,,,,,
Sham Ghansham,,,,,
Doli,,,,,
Sara Akash,,,,,
Aurat,,,,,
Bezubaan,,,,,
Damaad,,,,,
Aanchal,,,,,
Pyar Hi Pyar,,,,,
Ishq Ke Parindey,,,,,
Badaltey Rishtey,,,,,
Mere Huzoor,,,,,
Yeh Raat Phir Na Aaygi,,,,,
Paraya Dhan,,,,,
Soorma Bhopali,,,,,
Tyagi,,,,,
Mere Sapno Ki Rani,,,,,
Police Officer,,,,,
Door Gagan Ki Chhaon Men,,,,,
Meri Surat Teri Ankhen,,,,,
Mere Sanam,,,,,
Dharti Kahe Pukar Ke,,,,,
Dard,,,,,
Dhanwan,,,,,
Johar Mehmood in Hong Kong,,,,,
The Karate Kid,,,,,
Qayamat Se Qayamat Tak,,,,,
Zakhmi Aurat,,,,,
Shabnam Mausi,,,,,
Yamraaj,,,,,
Dangerous Game,,,,,
Jeena Marna Tere Sang,,,,,
Seeta Kalyanam,,,,,
Maya,,,,,
Vicky Dada,,,,,
Sawan Ko Aane Do,,,,,
Sadhna,,,,,
Kartavya,,,,,
Saboot,,,,,
Pyaar Karke Dekho,,,,,
Parvarish,,,,,
Bhagmati,,,,,
Tulsi,,,,,
Jeene Nahi Doonga,,,,,
Chand Sa Roshan Chehra,,,,,
Kama Sutra: A Tale of Love,,,,,
Indian Babu,,,,,
Faasle,,,,,
Beqabu,,,,,
Pyaar Ka Saaya,,,,,
Heera Lal Panna Lal,,,,,
Do Ankhen Barah Hath,,,,,
Bullet: Ek Dhamaka,,,,,
Sachaai,,,,,
Foot Path,,,,,
Sanjh Aur Savera,,,,,
Ek Nai Paheli,,,,,
Palay Khan,,,,,
Meri Aawaz Suno,,,,,
Kaala Sona,,,,,
Hum Dono,,,,,
Zor Lagaa Ke... Haiya!,,,,,
Saveray Wali Gaadi,,,,,
Karishma Kudrat Kaa,,,,,
Zindagi Khoobsoorat Hai,,,,,
Hitler,,,,,
Tirchhi Topiwale,,,,,
Ramgarh Ke Sholay,,,,,
G Kutta Se,,,,,
Panchlait,,,,,
Love Marriage,,,,,
Chor Aur Chand,,,,,
Hum Hindustani,,,,,
Devata,,,,,
Shriman Satyawadi,,,,,
Jwar Bhata,,,,,
Jaaneman,,,,,
Mere Sajana Saath Nibhana,,,,,
Badle Ki Aag,,,,,
All About My Mother,,,,,
Megha,,,,,
Agnichakra,,,,,
Baharon Ki Manzil,,,,,
Current,,,,,
Mastana,,,,,
Dastan,,,,,
Geetaa Mera Naam,,,,,
Dating Amber,,,,,
Ponga Pandit,,,,,
Main Sunder Hoon,,,,,
Dehraadun Diary,,,,,
Ram Tere Kitne Nam,,,,,
Policewala Gunda,,,,,
Mardon Wali Baat,,,,,
Asmaan Se Ooncha,,,,,
Jeeva,,,,,
Main Zinda Hoon,,,,,
Paapi,,,,,
Gharana,,,,,
Anokha Rishta,,,,,
Pranaam,,,,,
Humne Jeena Seekh Liya,,,,,
Shareef Budmaash,,,,,
Whiplash,,,,,
Avam,,,,,
Elaan,,,,,
Fateh,,,,,
Shikari: The Hunter,,,,,
Life Is Beautiful,,,,,
Uff! Yeh Mohabbat,,,,,
Humlaa,,,,,
Ek Se Bure Do,,,,,
United Six,,,,,
Star Trek II: The Wrath of Khan,,,,,
Sampoorna Ramayana,,,,,
Tarang,,,,,
Shaque,,,,,
The World It Is,,,,,
Ek Alag Mausam,,,,,
Keemat,,,,,
Mere Humsafar,,,,,
Bundal Baaz,,,,,
Shehzada,,,,,
Khel Khilari Ka,,,,,
Kagaar: Life on the Edge,,,,,
Sultaan,,,,,
Gautam Govinda,,,,,
Shera,,,,,
Salaakhen,,,,,
Insaniyat Ke Dushman,,,,,
Resham Ki Dori,,,,,
Raja Aur Runk,,,,,
Johar-Mehmood in Goa,,,,,
Kinare Kinare,,,,,
Jaanwar,,,,,
Sawan Ki Ghata,,,,,
Aamne Samne,,,,,
Zindagi,,,,,
Chal Pichchur Banate Hain,,,,,
Chehre Pe Chehra,,,,,
Bhago Bhoot Aayaa,,,,,
Yeh Rastey Hain Pyar Ke,,,,,
Karmayogi,,,,,
Bade Ghar Ki Beti,,,,,
Anjaana Anjaani,,,,,
Kaun Hai Jo Sapno Mein Aaya,,,,,
Paappi Devataa,,,,,
Umar 55 Ki Dil Bachpan Ka,,,,,
Double Cross: Ek Dhoka,,,,,
Aasma: The Sky Is the Limit,,,,,
Gudia,,,,,
Mukti,,,,,
Manzil,,,,,
Paramaatma,,,,,
Sanam Teri Kasam,,,,,
Ziddi,,,,,
Rani Aur Lalpari,,,,,
Ansh: The Deadly Part,,,,,
The Final Exit,,,,,
Phir Kab Milogi,,,,,
Shortcut Safari,,,,,
Ek Dil Sau Afsane,,,,,
Jadu Tona,,,,,
Hum Pyar Tumhi Se Kar Baithe,,,,,
Balidaan,,,,,
Dahleez,,,,,
Bansi Birju,,,,,
Ghar Ki Izzat,,,,,
Life Express,,,,,
Diya Aur Toofan,,,,,
Rock Dancer,,,,,
Balwinder Singh Famous Ho Gaya,,,,,
Ek Second... Jo Zindagi Badal De...,,,,,
Pavitra Papi,,,,,
Charandas Chor,,,,,
Yaara Dildara,,,,,
Hungama,,,,,
Hulchul,,,,,
Tapasya,,,,,
Chandan Ka Palna,,,,,
Wardat,,,,,
Dharti,,,,,
Ek Musafir Ek Hasina,,,,,
Pyaar Zindagi Hai,,,,,
Paagalpan,,,,,
Priyatama,,,,,
Riyasat,,,,,
Aranyaka,,,,,
Maalik,,,,,
Ladaai,,,,,
Sachaa Jhutha,,,,,
Naya Kadam,,,,,
Prem Yog,,,,,
Pyar Ke Do Pal,,,,,
Biraj Bahu,,,,,
Baaz,,,,,
Aap Ke Saath,,,,,
Police Aur Mujrim,,,,,
Crazy Cukkad Family,,,,,
Insaaf Kaun Karega,,,,,
Iqraar: By Chance,,,,,
Shiva Ka Insaaf,,,,,
Door Ka Raahi,,,,,
Daaka,,,,,
Teen Bahuraniyan,,,,,
Pocket Maar,,,,,
Ishq Par Zor Nahin,,,,,
Janta Hawaldar,,,,,
Sabse Bada Rupaiya,,,,,
Woh Phir Aayegi,,,,,
Shart,,,,,
Ahankaar,,,,,
Yaadgaar,,,,,
Rangbaaz,,,,,
Bhavani Junction,,,,,
Dadagiri,,,,,
Charanon Ki Saugandh,,,,,
Shikari,,,,,
Sher-E-Hindustan,,,,,
Anna,,,,,
Shaitani Ilaaka,,,,,
Sau Crore,,,,,
Oonche Log,,,,,
Charitraheen,,,,,
Suryaa: An Awakening,,,,,
Mujhe Insaaf Chahiye,,,,,
Hamare Tumhare,,,,,
Arzoo,,,,,
Asha Jyoti,,,,,
Bepanaah,,,,,
Hum Se Badkar Kaun,,,,,
Main Balwaan,,,,,
Maha Chor,,,,,
Chinnari Sneham,,,,,
Goonj,,,,,
Waris,,,,,
Sawaal,,,,,
Shankara,,,,,
Jaan Hatheli Pe,,,,,
Mashooq,,,,,
Deedar-E-Yaar,,,,,
Mohabbat Ke Dushman,,,,,
Iski Topi Uske Sarr,,,,,
Thodi Life Thoda Magic,,,,,
Love Ke Chakkar Mein,,,,,
Main Chup Rahungi,,,,,
Hari Darshan,,,,,
Shola Aur Shabnam,,,,,
Chhaya,,,,,
Nazrana,,,,,
Trishna,,,,,
Mela,,,,,
Bhabhi,,,,,
Night in London,,,,,
Chakravyuha,,,,,
Ek Shriman Ek Shrimati,,,,,
Dus Lakh,,,,,
Kanhaiya,,,,,
Awaaz,,,,,
Aakraman,,,,,
Halaku,,,,,
Yeh To Kamaal Ho Gaya,,,,,
Rakhi,,,,,
Kafan,,,,,
Jhoota Kahin Ka,,,,,
Ardhangini,,,,,
Phool Khile Hain Gulshan Gulshan,,,,,
Saazish,,,,,
99.9 FM,,,,,
Tejaa,,,,,
Anokhi Ada,,,,,
Beta Ho To Aisa,,,,,
Mehrban,,,,,
Boy Friend,,,,,
Chirag Kahan Roshni Kahan,,,,,
Gazal,,,,,
Man-Mauji,,,,,
Ek Hi Raasta,,,,,
Jail Yatra,,,,,
Aaj Aur Kal,,,,,
Parasmani,,,,,
Sasural,,,,,
Sutradhar,,,,,
Aar Paar,,,,,
John Jani Janardhan,,,,,
Nishaan,,,,,
Chirag,,,,,
Bandish,,,,,
Muddat,,,,,
Anand Aur Anand,,,,,
Bol Bachchan,,,,,
Himalay Se Ooncha,,,,,
Betaaj Badshah,,,,,
Sabki Bajegi Band,,,,,
Mere Do Anmol Ratan,,,,,
Dhoondte Reh Jaaoge!,,,,,
Amiri Garibi,,,,,
Jeene Nahi Doonga,,,,,
Sherni,,,,,
Gunehgar,,,,,
Main Solah Baras Ki,,,,,
Haathon Ki Lakeeren,,,,,
Tamasha,,,,,
Ghar Dwaar,,,,,
Ek Se Badhkar Ek,,,,,
Rukhsat,,,,,
Raavan,,,,,
Ek Baar Kaho,,,,,
Sawan Bhadon,,,,,
Ek Phool Char Kante,,,,,
Aaram Vetrumai,,,,,
Aandhi-Toofan,,,,,
Zamana,,,,,
Saajan Bina Suhagan,,,,,
Badhti Ka Naam Dadhi,,,,,
Kaalia,,,,,
Fiffty Fiffty,,,,,
Sunayana,,,,,
Oonche Log,,,,,
Ganwaar,,,,,
Rakhwala,,,,,
Lashkar,,,,,
Hawalaat,,,,,
Dekha Pyar Tumhara,,,,,
Dhan Daulat,,,,,
Chor Sipahee,,,,,
Shandaar,,,,,
Jaise Ko Taisa,,,,,
Main Intequam Loonga,,,,,
First Love Letter,,,,,
Souten: The Other Woman,,,,,
The Power of the Dog,,,,,
Satellite Shankar,,,,,
Pati Patni Aur Tawaif,,,,,
Asli-Naqli,,,,,
Kaun Kare Kurbanie,,,,,
Mera Faisla,,,,,
Jawab,,,,,
Libaas,,,,,
Pocket Maar,,,,,
Dulhan Ek Raat Ki,,,,,
Gauri,,,,,
Geetanjali,,,,,
A Man Called Otto,,,,,
Yeh Desh,,,,,
Guest House,,,,,
Sau Din Saas Ke,,,,,
Saazish,,,,,
Suhana Safar,,,,,
Nyay Anyay,,,,,
Bewaqoof,,,,,
Revati,,,,,
Ghar Mein Ram Gali Mein Shyam,,,,,
Mera Pati Sirf Mera Hai,,,,,
Pyar Ki Jeet,,,,,
Goonj Uthi Shehnai,,,,,
Shatru,,,,,
Jallian Wala Bagh,,,,,
Kasba,,,,,
Bandhan Kuchchey Dhaagon Ka,,,,,
Insaaf Main Karoonga,,,,,
Prem Bandhan,,,,,
Mr. India,,,,,
Man Ki Aankhen,,,,,
Neela Akash,,,,,
Panaah,,,,,
Jaane-Anjaane,,,,,
Dil-E-Nadaan,,,,,
Bheegi Raat,,,,,
Amar Deep,,,,,
Adhikar,,,,,
Humshakal,,,,,
Dushman,,,,,
Wahan Ke Log,,,,,
Aandhiyan,,,,,
Hum Se Na Takrana,,,,,
Ustadon Ke Ustad,,,,,
Namak Haraam,,,,,
Amba,,,,,
Pooja Ke Phool,,,,,
Shikast,,,,,
Gopal Krishna,,,,,
Purnima,,,,,
Strings of Passion,,,,,
Adalat,,,,,
Chhoti Si Mulaqat,,,,,
Aap Ki Parchhaiyan,,,,,
Phagun,,,,,
Hum Se Hai Zamana,,,,,
Chor Ke Ghar Chor,,,,,
Chhoti Bahen,,,,,
Ayee Milan Ki Raat,,,,,
Daulat,,,,,
Apne Dam Par,,,,,
Taxi Taxie,,,,,
Sazaa,,,,,
Chandi Sona,,,,,
Khooni Panja,,,,,
Yeh Aag Kab Bujhegi,,,,,
Tumhare Liye,,,,,
Mummy Punjabi: Superman Ki Bhi Maa!!,,,,,
Himmat Aur Mehanat,,,,,
Gawaahi,,,,,
Chorni,,,,,
Sarphira,,,,,
Jyoti Bane Jwala,,,,,
Aaj Ka Daur,,,,,
Phool Aur Aag,,,,,
Jaan Ki Baazi,,,,,
NH-8: Road to Nidhivan,,,,,
Dharm Aur Qanoon,,,,,
Phandebaaz,,,,,
Roop Ki Rani Choron Ka Raja,,,,,
5 Rifles,,,,,
Chalta Purza,,,,,
Yeh Nazdeekiyan,,,,,
Hawas,,,,,
Yeh Ishq Nahin Aasaan,,,,,
Takkar,,,,,
Sarfarosh,,,,,
Aakhri Cheekh,,,,,
Sachai Ki Taqat,,,,,
Miss 420,,,,,
Aag Aur Shola,,,,,
Hum Sab Chor Hain,,,,,
Bloody Isshq,,,,,
Aur Ek Prem Kahani,,,,,
Anhonee,,,,,
Kathputli,,,,,
Yaraana,,,,,
Annadata,,,,,
Aas Ka Panchhi,,,,,
Jaag Utha Insan,,,,,
Honeymoon,,,,,
Nastik,,,,,
Deewaangee,,,,,
Roop Tera Mastana,,,,,
Santaan,,,,,
Pyar Ke Naam Qurban,,,,,
April Fool,,,,,
Bhai Ho To Aisa,,,,,
Hisaab Khoon Ka,,,,,
Yadon Ki Kasam,,,,,
Do Premee,,,,,
Pratigyabadh,,,,,
Mahaadev,,,,,
Daku Hasina,,,,,
Mera Lahoo,,,,,
Zorro,,,,,
Azaad Desh Ke Gulam,,,,,
Nasihat,,,,,
Laila,,,,,
Jahan Jaaeyega Hamen Paaeyega,,,,,
Om,,,,,
Yeh Kaisi Mohabbat,,,,,
Kaala Samrajya,,,,,
YADVI: The Dignified Princess,,,,,
Paheli,,,,,
Ustadon Ke Ustad,,,,,
Basant Bahar,,,,,
Bhavna,,,,,
Mem-Didi,,,,,
Jal Bin Machhli Nritya Bin Bijli,,,,,
Lorie,,,,,
Dulhan Banoo Main Teri,,,,,
Himmat,,,,,
Do Bhai,,,,,
Aisa Pyar Kahan,,,,,
Spark,,,,,
Kranti Kshetra,,,,,
Mera Jawab,,,,,
Tangewala,,,,,
Main Awara Hoon,,,,,
Tan-Badan,,,,,
Aap To Aise Na The,,,,,
Aadmi Sadak Ka,,,,,
Zameen Aasmaan,,,,,
Nehle Pe Dehlaa,,,,,
Brahma,,,,,
Bumper Draw,,,,,
Insaaf Apne Lahoo Se,,,,,
All Rounder,,,,,
Aaja Meri Jaan,,,,,
Sallu Ki Shaadi,,,,,
Dekh Kabira Roya,,,,,
Boond Jo Ban Gayee Moti,,,,,
Benazir,,,,,
Return of Robin Hood,,,,,
Bawre Nain,,,,,
Gaon Hamara Shaher Tumhara,,,,,
Shatranj,,,,,
Raja Saab,,,,,
Krishan Avtaar,,,,,
Jurmana,,,,,
Anari,,,,,
Khaan Dost,,,,,
Hiraasat,,,,,
Ayaash,,,,,
Insaan,,,,,
Hasti,,,,,
Bhabhi Ki Chudiyan,,,,,
Man Mandir,,,,,
Shehzaade,,,,,
Mera Haque,,,,,
Zindagi Tere Naam,,,,,
Hoshiyar,,,,,
Utthaan,,,,,
Aulad Ke Dushman,,,,,
Dil Bechara Pyaar Ka Maara,,,,,
Paap Ki Aandhi,,,,,
Samarasimha Reddy,,,,,
The Take,,,,,
Baarish,,,,,
Tyaag,,,,,
Gehra Daag,,,,,
Grahasti,,,,,
Kath Putli,,,,,
Upaasna,,,,,
Jigri Dost,,,,,
Main Aur Mera Hathi,,,,,
Bhola Bhala,,,,,
Subha-O-Sham,,,,,
Ek Nari Ek Brahmachari,,,,,
Phaansi,,,,,
Muqadama,,,,,
Izzat,,,,,
Dil Tera Diwana,,,,,
Kala Dhanda Goray Log,,,,,
Jwalamukhi,,,,,
Aap Beati,,,,,
Staying Alive,,,,,
Sukhmani,,,,,
Jyoti,,,,,
Avinash,,,,,
Aazmayish,,,,,
Ab Insaf Hoga,,,,,
Pyar Ke Kabil,,,,,
Itihaas,,,,,
Bond 303,,,,,
Do Matwale,,,,,
Life and Nothing But,,,,,
Zindagani,,,,,
Mohabbat Zindagi Hai,,,,,
Dil Bhi Tera Hum Bhi Tere,,,,,
Alibaba Marjinaa,,,,,
Ormakal Marikkumo?,,,,,
Baap Re Baap,,,,,
Ghungroo Ki Awaaz,,,,,
Hanste Khelte,,,,,
Hatyara,,,,,
Aan Baan,,,,,
Bachpan,,,,,
Wanted: Dead or Alive,,,,,
68 Pages,,,,,
Agar... If,,,,,
Zinda Dil,,,,,
Hum Bhi Insaan Hain,,,,,
Door Ki Awaz,,,,,
Sitapur Ki Geeta,,,,,
Khuda Kasam,,,,,
Tower House,,,,,
Billa No. 786,,,,,
Jaane Kyun De Yaaron,,,,,
Jazbaat,,,,,
Ustadi Ustad Se,,,,,
Jaane Jigar,,,,,
Lajwanti,,,,,
Zindagi,,,,,
Ganga Ki Lahren,,,,,
Dharkan,,,,,
Yeh Khula Aasmaan,,,,,
Call Girl,,,,,
Aankhon Aankhon Mein,,,,,
Sunglass,,,,,
Saas Bhi Kabhi Bahu Thi,,,,,
Chaarfutiya Chhokare,,,,,
Chetna,,,,,
Parasite,,,,,
Aag,,,,,
Muqaddar Ka Faisla,,,,,
Ek Hi Raasta,,,,,
Aap Ki Khatir,,,,,
Kali Ghata,,,,,
Phoolon Ki Sej,,,,,
Jeevan Yudh,,,,,
Romance,,,,,
Jai Jawaan Jai Kisaan,,,,,
Nishana,,,,,
7 Khoon Maaf,,,,,
God and Gun,,,,,
Mar Mitenge,,,,,
Lakshmanrekha,,,,,
Lovers,,,,,
Bhishma,,,,,
Kabrastan,,,,,
...Aur Pyaar Ho Gaya,,,,,
Jigarwala,,,,,
Susman,,,,,
Ansoo Ban Gaye Phool,,,,,
Maain Bhi Ladki Hun,,,,,
Akashdeep,,,,,
Bin Phere Hum Tere,,,,,
Zakhmee,,,,,
Yeh Gulistan Hamara,,,,,
Pighalta Aasman,,,,,
Nakhuda,,,,,
Kalabaaz,,,,,
Aalaap,,,,,
Zakhmo Ka Hisaab,,,,,
Qaidi,,,,,
Dulha Bikta Hai,,,,,
Prateeksha,,,,,
Qurbani Rang Layegi,,,,,
Chor Police,,,,,
Aadat Se Majboor,,,,,
Aakhri Daao,,,,,
Suhaag Raat,,,,,
Johny I Love You,,,,,
Bhairav,,,,,
Sikka,,,,,
Majaal,,,,,
Love Marriage,,,,,
Pehchan,,,,,
Insaf Ki Pukar,,,,,
Maa Kasam,,,,,
Pyar Kiya Hai Pyar Karenge,,,,,
Jawan Muhabat,,,,,
Dil Kaa Heera,,,,,
Hum Sab Ustad Hain,,,,,
Rakhi Aur Hathkadi,,,,,
Aansoo Aur Muskan,,,,,
Dharma,,,,,
Neend Hamari Khwab Tumhare,,,,,
Bhanwar,,,,,
Banphool,,,,,
Waqt Ki Deewar,,,,,
Tute Khwab,,,,,
Jeena Hai Toh Thok Daal,,,,,
Dodgeball: A True Underdog Story,,,,,
Bengal Tiger,,,,,
Shankar Shambhu,,,,,
Jaal,,,,,
Mumbhai Connection,,,,,
Haathkadi,,,,,
Agnee,,,,,
Andhera,,,,,
Jeet Hamaari,,,,,
Taqdeer Ka Tamasha,,,,,
Double Cross,,,,,
Aaj Ka Ravan,,,,,
Juaari,,,,,
Badmaash,,,,,
Parda Hai Parda,,,,,
Chaani,,,,,
American Pie,,,,,
Debshishu,,,,,
Chand Ke Paar Chalo,,,,,
Wedding Celebration,,,,,
Naache Mayuri,,,,,
Mr. Sampat,,,,,
Poonam Ki Raat,,,,,
Usne Kaha Tha,,,,,
Sahib Bahadur,,,,,
Pyar Ka Karz,,,,,
Harjaee,,,,,
Sitara,,,,,
Jahan Tum Le Chalo,,,,,
Hamlet,,,,,
Salma Pe Dil Aa Gaya,,,,,
Apne,,,,,
Durdesh,,,,,
Rustom Sohrab,,,,,
Shankar Dada MBBS,,,,,
Yaadgaar,,,,,
Samadhi,,,,,
Milap,,,,,
Hafta Vasuli,,,,,
Ahsaas,,,,,
Kachche Heere,,,,,
Zordaar,,,,,
Meri Adaalat,,,,,
Ranbhoomi,,,,,
Sher Dil,,,,,
Ab Kya Hoga,,,,,
Chand Par Chadayee,,,,,
Deewana Tere Naam Ka,,,,,
Veeru Dada,,,,,
Cigarette Ki Tarah,,,,,
Sadak Chhap,,,,,
Pyaar Ka Tarana,,,,,
Janam Kundli,,,,,
Naam O Nishan,,,,,
Maahir,,,,,
Malik Ek,,,,,
Railway Platform,,,,,
Maa Aur Mamta,,,,,
Char Dervesh,,,,,
Sun Sajna,,,,,
Ravoyi Chandamama,,,,,
Amaanat,,,,,
Love in Bombay,,,,,
Preetam,,,,,
Sangram,,,,,
Anjane Mein,,,,,
Apne Huye Paraye,,,,,
Mitti,,,,,
Prem Tapasya,,,,,
Kotwal Saab,,,,,
Baadal,,,,,
Gangvaa,,,,,
Bhagam Bhag,,,,,
Ulta Seedha,,,,,
Aulad,,,,,
Safed Jhoot,,,,,
Kasak,,,,,
Ganga Tere Desh Mein,,,,,
Lava,,,,,
Jallad No. 1,,,,,
Shabnam,,,,,
Sauda,,,,,
Baali Umar Ko Salaam,,,,,
Chauraha,,,,,
Krishna Arjun,,,,,
Abhilasha,,,,,
Luckhnowi Ishq,,,,,
Chand Aur Suraj,,,,,
Dragon Ball Z: Broly - The Legendary Super Saiyan,,,,,
Achha Bura,,,,,
Muqabla,,,,,
Jeene Ki Arzoo,,,,,
Khudai,,,,,
Kohraam,,,,,
Sharafat Chhod Di Main Ne,,,,,
Chicken Curry Law,,,,,
Sunehra Sansar,,,,,
Jaanoo,,,,,
Mera Karam Mera Dharam,,,,,
Chowkidar,,,,,
Chakkar Pe Chakkar,,,,,
Aaj Ke Angaarey,,,,,
Mahaveera,,,,,
Mahaguru,,,,,
Haisiyat,,,,,
Bada Kabutar,,,,,
Angaara,,,,,
Meraa Ghar Mere Bachche,,,,,
Moojrim,,,,,
Himmatwala,,,,,
Do Numbri,,,,,
Dil Ka Doctor,,,,,
Aaj Ka Mahaatma,,,,,
Shackle,,,,,
Sarhad,,,,,
Patang,,,,,
Ek Naya Rishta,,,,,
Khilari,,,,,
Kaun Jeeta Kaun Haara,,,,,
Daal Me Kala,,,,,
Do Waqt Ki Roti,,,,,
Bhola in Bollywood,,,,,
Rishta Kagaz Ka,,,,,
Devi,,,,,
Shagoon,,,,,
Meharbaani,,,,,
Pyar Ka Sapna,,,,,
Apmaan Ki Aag,,,,,
Nishana,,,,,
Gomti Ke Kinare,,,,,
Aabroo,,,,,
Prem Vivah,,,,,
Rootha Na Karo,,,,,
Daadi Maa,,,,,
Yeh Jawaani Hai Deewani,,,,,
Aur Kaun?,,,,,
Akarshan,,,,,
Umar Qaid,,,,,
Udhar Ka Sindur,,,,,
Diljalaa,,,,,
Anokha Bandhan,,,,,
Dada,,,,,
Happy Husbands,,,,,
Insaaf Ki Devi,,,,,
Three Lights and Four Streets,,,,,
Kalpana,,,,,
Ram Bharose,,,,,
Teri Baahon Mein,,,,,
Dr. Vidya,,,,,
Ek Bar Mooskura Do,,,,,
Tulsi Vivah,,,,,
Hare Kanch Ki Chooriyan,,,,,
Nai Roshni,,,,,
Hai Apna Dil Toh Awara,,,,,
Lafange,,,,,
Ek Ke Baad Ek,,,,,
Nausherwan-E-Adil,,,,,
Durgaa,,,,,
Khandaan,,,,,
Afsar,,,,,
Aadharshila,,,,,
Solva Sawan,,,,,
Hum Intezaar Karenge,,,,,
Patita,,,,,
Badnam Farishte,,,,,
Apna Bana Lo,,,,,
Pran Jaye Par Vachan Na Jaye,,,,,
Taxi Chor,,,,,
Humshakal,,,,,
Paisa Yeh Paisa,,,,,
Aakhri Daku,,,,,
Bhookamp,,,,,
Ameer Aadmi Ghareeb Aadmi,,,,,
Bharosa,,,,,
Jawab,,,,,
Payal Ki Jhankaar,,,,,
Do Dilon Ki Dastaan,,,,,
Stuntman,,,,,
Shiv Ram,,,,,
Insaaf Ki Awaaz,,,,,
Aakhri Goli,,,,,
Trishakti,,,,,
Dilbar,,,,,
Laat Saab,,,,,
Dand Nayak,,,,,
Marmayogi,,,,,
Dil Toh Deewana Hai,,,,,
Ratnadeep,,,,,
Do Musafir,,,,,
Mama Bhanja,,,,,
Love and God,,,,,
Faulad,,,,,
Bhayaanak,,,,,
Anokha Milan,,,,,
Dear Zindagi,,,,,
Hanste Khelte,,,,,
Do Dishayen,,,,,
Param Dharam,,,,,
Chhoti Bahoo,,,,,
Atithee,,,,,
C.I.D. 909,,,,,
Dana Paani,,,,,
Maine Dil Tujhko Diya,,,,,
Sagaai,,,,,
Ek Din Aadhi Raat,,,,,
Mulzim,,,,,
Jodidar,,,,,
Bekaraar,,,,,
Trump Card,,,,,
Sardar,,,,,
Papeeha,,,,,
Lav Kush,,,,,
Ek Aur Sikander,,,,,
Humsaya,,,,,
Talaaq,,,,,
Ghar Jamai,,,,,
Ek Se Bhale Do,,,,,
Kabeela,,,,,
In Between,,,,,
Maan Gaye Ustaad,,,,,
Munna Bhai M.B.B.S.,,,,,
Zabak,,,,,
Khoon Ki Pukaar,,,,,
Sahara,,,,,
Balmaa,,,,,
Ek Hasina Do Diwane,,,,,
Jahan Ara,,,,,
Bedaag,,,,,
Faraar,,,,,
Saazish,,,,,
Ek Hi Maqsad,,,,,
Naya Daur,,,,,
Kanwarlal,,,,,
Dhoti Lota Aur Chowpatty,,,,,
Aisa Kyon Hota Hai?,,,,,
Suraj,,,,,
Daulat Ke Dushman,,,,,
Shri Krishna Leela,,,,,
Hatimtai,,,,,
Nidaan,,,,,
Mazaaq,,,,,
Kangan,,,,,
Do Shikari,,,,,
Amar Rahe Ye Pyar,,,,,
Saanch Ko Aanch Nahin,,,,,
Maha Shaktimaan,,,,,
Mayurpankh,,,,,
Ghar Basake Dekho,,,,,
Farz Aur Kanoon,,,,,
Vishwas,,,,,
Bhai-Bhai,,,,,
Jalte Badan,,,,,
Ham Sab Chor Hain,,,,,
Aladdin and the Wonderful Lamp,,,,,
Bindiya Chamkegi,,,,,
Sorority Babes in the Slimeball Bowl-O-Rama,,,,,
Gunahon Ka Devta,,,,,
Mard Ki Zabaan,,,,,
Aurat,,,,,
Opera House,,,,,
Ram Aur Shyam,,,,,
Dushman Devta,,,,,
Haqeeqat,,,,,
Dildaar,,,,,
Raaja,,,,,
Kismet,,,,,
Married 2 America,,,,,
Sanjay,,,,,
Karan Arjun,,,,,
Aaj Ka Andha Kanoon,,,,,
Garam Coat,,,,,
Choron Ki Baaraat,,,,,
Amanat,,,,,
Suvarna Sundari,,,,,
Sheesh Mahal,,,,,
Shaheed-E-Azam,,,,,
Doosri Dulhan,,,,,
Aaja Sanam,,,,,
Ek Baar Chale Aao,,,,,
Ek Chitthi Pyar Bhari,,,,,
Kundan,,,,,
JD,,,,,
Kahin Hai Mera Pyar,,,,,
Ek Phool Teen Kante,,,,,
Nasbandi,,,,,
Raj Hath,,,,,
Dooriyaan,,,,,
Beqasoor,,,,,
Begunaah,,,,,
Pyaar Diwana Hota Hai,,,,,
Do Revenge,,,,,
Sabse Bada Sukh,,,,,
Phool Bane Angaare,,,,,
Jai Shiv Shankar,,,,,
Shehnai,,,,,
Bheegi Palkein,,,,,
Ladki: Enter the Girl Dragon,,,,,
Mere Bhaiya,,,,,
Awara Badal,,,,,
Agneekaal,,,,,
Adhikar,,,,,
Raaz,,,,,
Chanda Aur Bijli,,,,,
Sahhas,,,,,
Kabhie Tum Kabhie Hum,,,,,
Taqdeer Ka Badshah,,,,,
Khazana,,,,,
Dharam Sankat Mein,,,,,
Dav Pech,,,,,
Lagaam,,,,,
Take It Easy,,,,,
Seepeeyan,,,,,
Rungoli,,,,,
Meera Ka Mohan,,,,,
Main Tere Liye,,,,,
The Naxalites,,,,,
Chhoti Bahen,,,,,
Shehar Aur Sapna,,,,,
Zulm-O-Sitam,,,,,
Phaansi Ke Baad,,,,,
Naunihal,,,,,
Goonj,,,,,
Unees Bees,,,,,
Memsaab,,,,,
Tahqiqaat,,,,,
Jal Mahal,,,,,
Khanjar,,,,,
Rakta Bandhan,,,,,
Mazdoor Zindabaad,,,,,
Ek Kunwari Ek Kunwara,,,,,
Jeewan Jyoti,,,,,
Dharamyudh,,,,,
Apradhi Kaun?,,,,,
Kisan Aur Bhagwan,,,,,
Laparwah,,,,,
Jai-Vijay,,,,,
Maha Badmaash,,,,,
Khote Sikkey,,,,,
Rani Mera Naam,,,,,
Patanga,,,,,
Hum Farishte Nahin,,,,,
Bazaar E Husn,,,,,
Flashback,,,,,
Yari Dushmani,,,,,
Amar Shakti,,,,,
Karmyudh,,,,,
Mera Rakshak,,,,,
Jaaydaad,,,,,
Aurat Teri Yehi Kahani,,,,,
Aatish,,,,,
Aag Aur Daag,,,,,
Risknamaa,,,,,
Sangeet Samrat Tansen,,,,,
Ghaav: The Wound,,,,,
Mahua,,,,,
Bambai Raat Ki Bahon Mein,,,,,
Chand Sa Roshan Chehra,,,,,
Ek Mutthi Aasmaan,,,,,
Espousal,,,,,
Jailor,,,,,
Do Boond Pani,,,,,
Naya Andaz,,,,,
Khule-Aam,,,,,
Gaai Aur Gori,,,,,
Ek Gaon Ki Kahani,,,,,
Khazanchi,,,,,
Zakhmi Rooh,,,,,
Pardesi,,,,,
Meri Jung Ka Elaan,,,,,
Yeh Dil Kisko Doon,,,,,
Sapnon Ka Mandir,,,,,
Hadh: Life on the Edge of Death,,,,,
Jeevan Ki Shatranj,,,,,
Faraib,,,,,
Dil Se Mile Dil,,,,,
Aaj Ka Samson,,,,,
Bal Ganesh 2,,,,,
Aarop,,,,,
Jeena Teri Gali Mein,,,,,
Apne Dushman,,,,,
Adhikar,,,,,
Himmatvar,,,,,
Lagaam,,,,,
Faisla,,,,,
Jeevan Jyoti,,,,,
Anjan Hai Koyee,,,,,
Nasoor,,,,,
Aji Bas Shukriya,,,,,
Naach Uthe Sansaar,,,,,
Mome Ki Gudiya,,,,,
Zameen Aasmaan,,,,,
Bindya,,,,,
Raftaar,,,,,
Char Paise,,,,,
Maha Shaktishaali,,,,,
Vaade Iraade,,,,,
Iraada,,,,,
Nafrat,,,,,
Meraa Dost Meraa Dushman,,,,,
Numbri Aadmi,,,,,
Kabir Azabi,,,,,
Ghamandee,,,,,
Smuggler,,,,,
Chor Pe Mor,,,,,
Sarkari Mehman,,,,,
Fauji,,,,,
Dilwale Kabhi Na Hare,,,,,
Sarhad: The Border of Crime,,,,,
Do Fantoosh,,,,,
Kalyug Ke Avtaar,,,,,
Hanuman Vijay,,,,,
Report to Mother,,,,,
Jaggu Ani Juliet,,,,,
Kaagaz Ki Nao,,,,,
Rivaaj,,,,,
Do Raha,,,,,
Laagi Nahin Chhute Ram,,,,,
Hum Panchhi Ek Daal Ke,,,,,
Gunahon Ka Faisla,,,,,
Parde Ke Peechey,,,,,
Pardesi,,,,,
Sasural,,,,,
Aafat-e-Ishq,,,,,
Andhi Gali,,,,,
Ustaad,,,,,
Jeeo Shaan Se,,,,,
Yasmin,,,,,
Hira Aur Patthar,,,,,
Beti Bete,,,,,
Aparoopa,,,,,
Singhasan,,,,,
Mera Saathi,,,,,
Shikshaa,,,,,
Manzilein Aur Bhi Hain,,,,,
Nyaydaata,,,,,
Haar Jeet,,,,,
Mittal V/S Mittal,,,,,
Pyaara Dushman,,,,,
Nishan,,,,,
Daanveer,,,,,
Aaj Ka Ye Ghar,,,,,
Janam Se Pehle,,,,,
Aasmaan,,,,,
Ahinsa,,,,,
Aaj Ke Shahenshah,,,,,
Rakhtbeej,,,,,
Jadu Ka Shankh,,,,,
Pushpanjali,,,,,
Har Har Gange,,,,,
Aurat,,,,,
Insaaniyat,,,,,
Nagin Aur Suhagan,,,,,
Yuhi Kabhi,,,,,
Hum Tum Aur Woh,,,,,
Haiwan,,,,,
Mohabbat Ki Kasam,,,,,
Dhamkee,,,,,
Zulm Ka Badla,,,,,
Mere Saath Chal,,,,,
Jadoo,,,,,
Chhoo Mantar,,,,,
Mohabbat Aur Jung,,,,,
Abhi To Jee Lein,,,,,
Kasam Khoon Ki,,,,,
Sansani: The Sensation,,,,,
Chor Ho To Aisa,,,,,
Vidyarthi,,,,,
Ladki Sahyadri Ki,,,,,
Meri Aan,,,,,
Farishta Ya Qatil,,,,,
Chupp,,,,,
Tarkeeb,,,,,
Ganga Tera Pani Amrit,,,,,
Puraskar,,,,,
Pyar Ka Bandhan,,,,,
Paanch Fauladi,,,,,
Police Wala,,,,,
Mera Yaar Mera Dushman,,,,,
Naya Nasha,,,,,
Ek Shola,,,,,
Return of Mr. Superman,,,,,
Meinu Ek Ladki Chaahiye,,,,,
The Revenge: Geeta Mera Naam,,,,,
Vardaan,,,,,
Sampark,,,,,
The Cheat,,,,,
Sone Ka Dil Lohe Ke Haath,,,,,
Aakhri Kasam,,,,,
Raakhi Aur Rifle,,,,,
Do Phool,,,,,
Khoon Ka Badla Khoon,,,,,
Kab Tak Chup Rahungi,,,,,
Pandit Aur Pathan,,,,,
#Yaaram,,,,,
Rao Saheb,,,,,
Adharm,,,,,
CC2C,,,,,
Ghar Bazar,,,,,
Balram Shri Krishna,,,,,
Maan Apmaan,,,,,
Daku Aur Mahatma,,,,,
Sa-Re-Ga-Ma-Pa,,,,,
Jiyo To Aise Jiyo,,,,,
Pyar Ka Rog,,,,,
Honour Killing,,,,,
Sewak,,,,,
Waqt Ki Pukar,,,,,
Jaan-E-Bahaar,,,,,
Aag Laga Do Sawan Ko,,,,,
Shakka,,,,,
Wake Up India,,,,,
Yeh Zindagi Kitni Haseen Hai,,,,,
Albela,,,,,
Murari the Mad Gentleman,,,,,
Mumbai Mast Kallander,,,,,
Garam Khoon,,,,,
Rustom-E-Baghdad,,,,,
Nishad,,,,,
Jaan Pechaan,,,,,
Paraya Ghar,,,,,
Zimbo,,,,,
Madadgaar,,,,,
Haseenon Ka Devata,,,,,
Mazloom,,,,,
Jhoola,,,,,
Jaane Bhi Do Yaaro,,,,,
Madam White Snake,,,,,
Mere Genie Uncle,,,,,
Kaanch Ki Deewar,,,,,
Maine Pyar Kiya,,,,,
Heera Moti,,,,,
Woh Jo Hasina,,,,,
Maine Jeena Seekh Liya,,,,,
Swarg Jaisaa Ghar,,,,,
Phulwari,,,,,
Tere Pyaar Mein,,,,,
Mehmaan,,,,,
Sorry Daddy,,,,,
Raadha Aur Seeta,,,,,
Dafaa 302: Indian Penal Code Section 302,,,,,
Calapor,,,,,
